GHO (CODE),GHO (DISPLAY),GHO (URL),PUBLISHSTATE (CODE),PUBLISHSTATE (DISPLAY),PUBLISHSTATE (URL),YEAR (CODE),YEAR (DISPLAY),YEAR (URL),REGION (CODE),REGION (DISPLAY),REGION (URL),COUNTRY (CODE),COUNTRY (DISPLAY),COUNTRY (URL),Display Value,Numeric,Low,High,StdErr,StdDev,Comments
SDGHIV,New HIV infections among adults 15-49 years old (per 1000 uninfected population),http://apps.who.int/gho/indicatorregistry/App_Main/view_indicator.aspx?iid=4752,PUBLISHED,Published,,2015,2015,,EMR,Eastern Mediterranean,,AFG,Afghanistan,,0.06,0.06,,,,,
SDGHIV,New HIV infections among adults 15-49 years old (per 1000 uninfected population),http://apps.who.int/gho/indicatorregistry/App_Main/view_indicator.aspx?iid=4752,PUBLISHED,Published,,2015,2015,,AFR,Africa,,AGO,Angola,,1.86,1.86,,,,,
SDGHIV,New HIV infections among adults 15-49 years old (per 1000 uninfected population),http://apps.who.int/gho/indicatorregistry/App_Main/view_indicator.aspx?iid=4752,PUBLISHED,Published,,2015,2015,,EUR,Europe,,ALB,Albania,,No data,,,,,,
SDGHIV,New HIV infections among adults 15-49 years old (per 1000 uninfected population),http://apps.who.int/gho/indicatorregistry/App_Main/view_indicator.aspx?iid=4752,PUBLISHED,Published,,2015,2015,,EUR,Europe,,AND,Andorra,,No data,,,,,,
SDGHIV,New HIV infections among adults 15-49 years old (per 1000 uninfected population),http://apps.who.int/gho/indicatorregistry/App_Main/view_indicator.aspx?iid=4752,PUBLISHED,Published,,2015,2015,,EMR,Eastern Mediterranean,,ARE,United Arab Emirates,,No data,,,,,,
SDGHIV,New HIV infections among adults 15-49 years old (per 1000 uninfected population),http://apps.who.int/gho/indicatorregistry/App_Main/view_indicator.aspx?iid=4752,PUBLISHED,Published,,2015,2015,,AMR,Americas,,ARG,Argentina,,0.23,0.23,,,,,
SDGHIV,New HIV infections among adults 15-49 years old (per 1000 uninfected population),http://apps.who.int/gho/indicatorregistry/App_Main/view_indicator.aspx?iid=4752,PUBLISHED,Published,,2015,2015,,EUR,Europe,,ARM,Armenia,,0.26,0.26,,,,,
SDGHIV,New HIV infections among adults 15-49 years old (per 1000 uninfected population),http://apps.who.int/gho/indicatorregistry/App_Main/view_indicator.aspx?iid=4752,PUBLISHED,Published,,2015,2015,,AMR,Americas,,ATG,Antigua and Barbuda,,No data,,,,,,
SDGHIV,New HIV infections among adults 15-49 years old (per 1000 uninfected population),http://apps.who.int/gho/indicatorregistry/App_Main/view_indicator.aspx?iid=4752,PUBLISHED,Published,,2015,2015,,WPR,Western Pacific,,AUS,Australia,,0.1,0.1,,,,,
SDGHIV,New HIV infections among adults 15-49 years old (per 1000 uninfected population),http://apps.who.int/gho/indicatorregistry/App_Main/view_indicator.aspx?iid=4752,PUBLISHED,Published,,2015,2015,,EUR,Europe,,AUT,Austria,,No data,,,,,,
SDGHIV,New HIV infections among adults 15-49 years old (per 1000 uninfected population),http://apps.who.int/gho/indicatorregistry/App_Main/view_indicator.aspx?iid=4752,PUBLISHED,Published,,2015,2015,,EUR,Europe,,AZE,Azerbaijan,,0.2,0.2,,,,,
SDGHIV,New HIV infections among adults 15-49 years old (per 1000 uninfected population),http://apps.who.int/gho/indicatorregistry/App_Main/view_indicator.aspx?iid=4752,PUBLISHED,Published,,2015,2015,,AFR,Africa,,BDI,Burundi,,0.18,0.18,,,,,
SDGHIV,New HIV infections among adults 15-49 years old (per 1000 uninfected population),http://apps.who.int/gho/indicatorregistry/App_Main/view_indicator.aspx?iid=4752,PUBLISHED,Published,,2015,2015,,EUR,Europe,,BEL,Belgium,,No data,,,,,,
SDGHIV,New HIV infections among adults 15-49 years old (per 1000 uninfected population),http://apps.who.int/gho/indicatorregistry/App_Main/view_indicator.aspx?iid=4752,PUBLISHED,Published,,2015,2015,,AFR,Africa,,BEN,Benin,,0.69,0.69,,,,,
SDGHIV,New HIV infections among adults 15-49 years old (per 1000 uninfected population),http://apps.who.int/gho/indicatorregistry/App_Main/view_indicator.aspx?iid=4752,PUBLISHED,Published,,2015,2015,,AFR,Africa,,BFA,Burkina Faso,,0.45,0.45,,,,,
SDGHIV,New HIV infections among adults 15-49 years old (per 1000 uninfected population),http://apps.who.int/gho/indicatorregistry/App_Main/view_indicator.aspx?iid=4752,PUBLISHED,Published,,2015,2015,,SEAR,South-East Asia,,BGD,Bangladesh,,0.01,0.01,,,,,
SDGHIV,New HIV infections among adults 15-49 years old (per 1000 uninfected population),http://apps.who.int/gho/indicatorregistry/App_Main/view_indicator.aspx?iid=4752,PUBLISHED,Published,,2015,2015,,EUR,Europe,,BGR,Bulgaria,,No data,,,,,,
SDGHIV,New HIV infections among adults 15-49 years old (per 1000 uninfected population),http://apps.who.int/gho/indicatorregistry/App_Main/view_indicator.aspx?iid=4752,PUBLISHED,Published,,2015,2015,,EMR,Eastern Mediterranean,,BHR,Bahrain,,No data,,,,,,
SDGHIV,New HIV infections among adults 15-49 years old (per 1000 uninfected population),http://apps.who.int/gho/indicatorregistry/App_Main/view_indicator.aspx?iid=4752,PUBLISHED,Published,,2015,2015,,AMR,Americas,,BHS,Bahamas,,2.26,2.26,,,,,
SDGHIV,New HIV infections among adults 15-49 years old (per 1000 uninfected population),http://apps.who.int/gho/indicatorregistry/App_Main/view_indicator.aspx?iid=4752,PUBLISHED,Published,,2015,2015,,EUR,Europe,,BIH,Bosnia and Herzegovina,,No data,,,,,,
SDGHIV,New HIV infections among adults 15-49 years old (per 1000 uninfected population),http://apps.who.int/gho/indicatorregistry/App_Main/view_indicator.aspx?iid=4752,PUBLISHED,Published,,2015,2015,,EUR,Europe,,BLR,Belarus,,1.05,1.05,,,,,
SDGHIV,New HIV infections among adults 15-49 years old (per 1000 uninfected population),http://apps.who.int/gho/indicatorregistry/App_Main/view_indicator.aspx?iid=4752,PUBLISHED,Published,,2015,2015,,AMR,Americas,,BLZ,Belize,,0.82,0.82,,,,,
SDGHIV,New HIV infections among adults 15-49 years old (per 1000 uninfected population),http://apps.who.int/gho/indicatorregistry/App_Main/view_indicator.aspx?iid=4752,PUBLISHED,Published,,2015,2015,,AMR,Americas,,BOL,Bolivia (Plurinational State of),,0.24,0.24,,,,,
SDGHIV,New HIV infections among adults 15-49 years old (per 1000 uninfected population),http://apps.who.int/gho/indicatorregistry/App_Main/view_indicator.aspx?iid=4752,PUBLISHED,Published,,2015,2015,,AMR,Americas,,BRA,Brazil,,0.39,0.39,,,,,
SDGHIV,New HIV infections among adults 15-49 years old (per 1000 uninfected population),http://apps.who.int/gho/indicatorregistry/App_Main/view_indicator.aspx?iid=4752,PUBLISHED,Published,,2015,2015,,AMR,Americas,,BRB,Barbados,,1.19,1.19,,,,,
SDGHIV,New HIV infections among adults 15-49 years old (per 1000 uninfected population),http://apps.who.int/gho/indicatorregistry/App_Main/view_indicator.aspx?iid=4752,PUBLISHED,Published,,2015,2015,,WPR,Western Pacific,,BRN,Brunei Darussalam,,No data,,,,,,
SDGHIV,New HIV infections among adults 15-49 years old (per 1000 uninfected population),http://apps.who.int/gho/indicatorregistry/App_Main/view_indicator.aspx?iid=4752,PUBLISHED,Published,,2015,2015,,SEAR,South-East Asia,,BTN,Bhutan,,No data,,,,,,
SDGHIV,New HIV infections among adults 15-49 years old (per 1000 uninfected population),http://apps.who.int/gho/indicatorregistry/App_Main/view_indicator.aspx?iid=4752,PUBLISHED,Published,,2015,2015,,AFR,Africa,,BWA,Botswana,,9.37,9.37,,,,,
SDGHIV,New HIV infections among adults 15-49 years old (per 1000 uninfected population),http://apps.who.int/gho/indicatorregistry/App_Main/view_indicator.aspx?iid=4752,PUBLISHED,Published,,2015,2015,,AFR,Africa,,CAF,Central African Republic,,2.4,2.4,,,,,
SDGHIV,New HIV infections among adults 15-49 years old (per 1000 uninfected population),http://apps.who.int/gho/indicatorregistry/App_Main/view_indicator.aspx?iid=4752,PUBLISHED,Published,,2015,2015,,AMR,Americas,,CAN,Canada,,No data,,,,,,
SDGHIV,New HIV infections among adults 15-49 years old (per 1000 uninfected population),http://apps.who.int/gho/indicatorregistry/App_Main/view_indicator.aspx?iid=4752,PUBLISHED,Published,,2015,2015,,EUR,Europe,,CHE,Switzerland,,No data,,,,,,
SDGHIV,New HIV infections among adults 15-49 years old (per 1000 uninfected population),http://apps.who.int/gho/indicatorregistry/App_Main/view_indicator.aspx?iid=4752,PUBLISHED,Published,,2015,2015,,AMR,Americas,,CHL,Chile,,0.19,0.19,,,,,
SDGHIV,New HIV infections among adults 15-49 years old (per 1000 uninfected population),http://apps.who.int/gho/indicatorregistry/App_Main/view_indicator.aspx?iid=4752,PUBLISHED,Published,,2015,2015,,WPR,Western Pacific,,CHN,China,,No data,,,,,,
SDGHIV,New HIV infections among adults 15-49 years old (per 1000 uninfected population),http://apps.who.int/gho/indicatorregistry/App_Main/view_indicator.aspx?iid=4752,PUBLISHED,Published,,2015,2015,,AFR,Africa,,CIV,Côte d'Ivoire,,1.88,1.88,,,,,
SDGHIV,New HIV infections among adults 15-49 years old (per 1000 uninfected population),http://apps.who.int/gho/indicatorregistry/App_Main/view_indicator.aspx?iid=4752,PUBLISHED,Published,,2015,2015,,AFR,Africa,,CMR,Cameroon,,3.57,3.57,,,,,
SDGHIV,New HIV infections among adults 15-49 years old (per 1000 uninfected population),http://apps.who.int/gho/indicatorregistry/App_Main/view_indicator.aspx?iid=4752,PUBLISHED,Published,,2015,2015,,AFR,Africa,,COD,Democratic Republic of the Congo,,0.34,0.34,,,,,
SDGHIV,New HIV infections among adults 15-49 years old (per 1000 uninfected population),http://apps.who.int/gho/indicatorregistry/App_Main/view_indicator.aspx?iid=4752,PUBLISHED,Published,,2015,2015,,AFR,Africa,,COG,Congo,,No data,,,,,,
SDGHIV,New HIV infections among adults 15-49 years old (per 1000 uninfected population),http://apps.who.int/gho/indicatorregistry/App_Main/view_indicator.aspx?iid=4752,PUBLISHED,Published,,2015,2015,,WPR,Western Pacific,,COK,Cook Islands,,No data,,,,,,
SDGHIV,New HIV infections among adults 15-49 years old (per 1000 uninfected population),http://apps.who.int/gho/indicatorregistry/App_Main/view_indicator.aspx?iid=4752,PUBLISHED,Published,,2015,2015,,AMR,Americas,,COL,Colombia,,0.39,0.39,,,,,
SDGHIV,New HIV infections among adults 15-49 years old (per 1000 uninfected population),http://apps.who.int/gho/indicatorregistry/App_Main/view_indicator.aspx?iid=4752,PUBLISHED,Published,,2015,2015,,AFR,Africa,,COM,Comoros,,No data,,,,,,
SDGHIV,New HIV infections among adults 15-49 years old (per 1000 uninfected population),http://apps.who.int/gho/indicatorregistry/App_Main/view_indicator.aspx?iid=4752,PUBLISHED,Published,,2015,2015,,AFR,Africa,,CPV,Cabo Verde,,0.6,0.6,,,,,
SDGHIV,New HIV infections among adults 15-49 years old (per 1000 uninfected population),http://apps.who.int/gho/indicatorregistry/App_Main/view_indicator.aspx?iid=4752,PUBLISHED,Published,,2015,2015,,AMR,Americas,,CRI,Costa Rica,,0.24,0.24,,,,,
SDGHIV,New HIV infections among adults 15-49 years old (per 1000 uninfected population),http://apps.who.int/gho/indicatorregistry/App_Main/view_indicator.aspx?iid=4752,PUBLISHED,Published,,2015,2015,,AMR,Americas,,CUB,Cuba,,0.48,0.48,,,,,
SDGHIV,New HIV infections among adults 15-49 years old (per 1000 uninfected population),http://apps.who.int/gho/indicatorregistry/App_Main/view_indicator.aspx?iid=4752,PUBLISHED,Published,,2015,2015,,EUR,Europe,,CYP,Cyprus,,No data,,,,,,
SDGHIV,New HIV infections among adults 15-49 years old (per 1000 uninfected population),http://apps.who.int/gho/indicatorregistry/App_Main/view_indicator.aspx?iid=4752,PUBLISHED,Published,,2015,2015,,EUR,Europe,,CZE,Czechia,,No data,,,,,,
SDGHIV,New HIV infections among adults 15-49 years old (per 1000 uninfected population),http://apps.who.int/gho/indicatorregistry/App_Main/view_indicator.aspx?iid=4752,PUBLISHED,Published,,2015,2015,,EUR,Europe,,DEU,Germany,,No data,,,,,,
SDGHIV,New HIV infections among adults 15-49 years old (per 1000 uninfected population),http://apps.who.int/gho/indicatorregistry/App_Main/view_indicator.aspx?iid=4752,PUBLISHED,Published,,2015,2015,,EMR,Eastern Mediterranean,,DJI,Djibouti,,1.09,1.09,,,,,
SDGHIV,New HIV infections among adults 15-49 years old (per 1000 uninfected population),http://apps.who.int/gho/indicatorregistry/App_Main/view_indicator.aspx?iid=4752,PUBLISHED,Published,,2015,2015,,AMR,Americas,,DMA,Dominica,,No data,,,,,,
SDGHIV,New HIV infections among adults 15-49 years old (per 1000 uninfected population),http://apps.who.int/gho/indicatorregistry/App_Main/view_indicator.aspx?iid=4752,PUBLISHED,Published,,2015,2015,,EUR,Europe,,DNK,Denmark,,No data,,,,,,
SDGHIV,New HIV infections among adults 15-49 years old (per 1000 uninfected population),http://apps.who.int/gho/indicatorregistry/App_Main/view_indicator.aspx?iid=4752,PUBLISHED,Published,,2015,2015,,AMR,Americas,,DOM,Dominican Republic,,0.36,0.36,,,,,
SDGHIV,New HIV infections among adults 15-49 years old (per 1000 uninfected population),http://apps.who.int/gho/indicatorregistry/App_Main/view_indicator.aspx?iid=4752,PUBLISHED,Published,,2015,2015,,AFR,Africa,,DZA,Algeria,,0.02,0.02,,,,,
SDGHIV,New HIV infections among adults 15-49 years old (per 1000 uninfected population),http://apps.who.int/gho/indicatorregistry/App_Main/view_indicator.aspx?iid=4752,PUBLISHED,Published,,2015,2015,,AMR,Americas,,ECU,Ecuador,,0.15,0.15,,,,,
SDGHIV,New HIV infections among adults 15-49 years old (per 1000 uninfected population),http://apps.who.int/gho/indicatorregistry/App_Main/view_indicator.aspx?iid=4752,PUBLISHED,Published,,2015,2015,,EMR,Eastern Mediterranean,,EGY,Egypt,,0.03,0.03,,,,,
SDGHIV,New HIV infections among adults 15-49 years old (per 1000 uninfected population),http://apps.who.int/gho/indicatorregistry/App_Main/view_indicator.aspx?iid=4752,PUBLISHED,Published,,2015,2015,,AFR,Africa,,ERI,Eritrea,,0.21,0.21,,,,,
SDGHIV,New HIV infections among adults 15-49 years old (per 1000 uninfected population),http://apps.who.int/gho/indicatorregistry/App_Main/view_indicator.aspx?iid=4752,PUBLISHED,Published,,2015,2015,,EUR,Europe,,ESP,Spain,,0.14,0.14,,,,,
SDGHIV,New HIV infections among adults 15-49 years old (per 1000 uninfected population),http://apps.who.int/gho/indicatorregistry/App_Main/view_indicator.aspx?iid=4752,PUBLISHED,Published,,2015,2015,,EUR,Europe,,EST,Estonia,,No data,,,,,,
SDGHIV,New HIV infections among adults 15-49 years old (per 1000 uninfected population),http://apps.who.int/gho/indicatorregistry/App_Main/view_indicator.aspx?iid=4752,PUBLISHED,Published,,2015,2015,,AFR,Africa,,ETH,Ethiopia,,No data,,,,,,
SDGHIV,New HIV infections among adults 15-49 years old (per 1000 uninfected population),http://apps.who.int/gho/indicatorregistry/App_Main/view_indicator.aspx?iid=4752,PUBLISHED,Published,,2015,2015,,EUR,Europe,,FIN,Finland,,No data,,,,,,
SDGHIV,New HIV infections among adults 15-49 years old (per 1000 uninfected population),http://apps.who.int/gho/indicatorregistry/App_Main/view_indicator.aspx?iid=4752,PUBLISHED,Published,,2015,2015,,WPR,Western Pacific,,FJI,Fiji,,No data,,,,,,
SDGHIV,New HIV infections among adults 15-49 years old (per 1000 uninfected population),http://apps.who.int/gho/indicatorregistry/App_Main/view_indicator.aspx?iid=4752,PUBLISHED,Published,,2015,2015,,EUR,Europe,,FRA,France,,No data,,,,,,
SDGHIV,New HIV infections among adults 15-49 years old (per 1000 uninfected population),http://apps.who.int/gho/indicatorregistry/App_Main/view_indicator.aspx?iid=4752,PUBLISHED,Published,,2015,2015,,WPR,Western Pacific,,FSM,Micronesia (Federated States of),,No data,,,,,,
SDGHIV,New HIV infections among adults 15-49 years old (per 1000 uninfected population),http://apps.who.int/gho/indicatorregistry/App_Main/view_indicator.aspx?iid=4752,PUBLISHED,Published,,2015,2015,,AFR,Africa,,GAB,Gabon,,1.39,1.39,,,,,
SDGHIV,New HIV infections among adults 15-49 years old (per 1000 uninfected population),http://apps.who.int/gho/indicatorregistry/App_Main/view_indicator.aspx?iid=4752,PUBLISHED,Published,,2015,2015,,EUR,Europe,,GBR,United Kingdom of Great Britain and Northern Ireland,,No data,,,,,,
SDGHIV,New HIV infections among adults 15-49 years old (per 1000 uninfected population),http://apps.who.int/gho/indicatorregistry/App_Main/view_indicator.aspx?iid=4752,PUBLISHED,Published,,2015,2015,,EUR,Europe,,GEO,Georgia,,0.5,0.5,,,,,
SDGHIV,New HIV infections among adults 15-49 years old (per 1000 uninfected population),http://apps.who.int/gho/indicatorregistry/App_Main/view_indicator.aspx?iid=4752,PUBLISHED,Published,,2015,2015,,AFR,Africa,,GHA,Ghana,,0.77,0.77,,,,,
SDGHIV,New HIV infections among adults 15-49 years old (per 1000 uninfected population),http://apps.who.int/gho/indicatorregistry/App_Main/view_indicator.aspx?iid=4752,PUBLISHED,Published,,2015,2015,,AFR,Africa,,GIN,Guinea,,1.18,1.18,,,,,
SDGHIV,New HIV infections among adults 15-49 years old (per 1000 uninfected population),http://apps.who.int/gho/indicatorregistry/App_Main/view_indicator.aspx?iid=4752,PUBLISHED,Published,,2015,2015,,AFR,Africa,,GMB,Gambia,,1.24,1.24,,,,,
SDGHIV,New HIV infections among adults 15-49 years old (per 1000 uninfected population),http://apps.who.int/gho/indicatorregistry/App_Main/view_indicator.aspx?iid=4752,PUBLISHED,Published,,2015,2015,,AFR,Africa,,GNB,Guinea-Bissau,,No data,,,,,,
SDGHIV,New HIV infections among adults 15-49 years old (per 1000 uninfected population),http://apps.who.int/gho/indicatorregistry/App_Main/view_indicator.aspx?iid=4752,PUBLISHED,Published,,2015,2015,,AFR,Africa,,GNQ,Equatorial Guinea,,0.24,0.24,,,,,
SDGHIV,New HIV infections among adults 15-49 years old (per 1000 uninfected population),http://apps.who.int/gho/indicatorregistry/App_Main/view_indicator.aspx?iid=4752,PUBLISHED,Published,,2015,2015,,EUR,Europe,,GRC,Greece,,0.19,0.19,,,,,
SDGHIV,New HIV infections among adults 15-49 years old (per 1000 uninfected population),http://apps.who.int/gho/indicatorregistry/App_Main/view_indicator.aspx?iid=4752,PUBLISHED,Published,,2015,2015,,AMR,Americas,,GRD,Grenada,,No data,,,,,,
SDGHIV,New HIV infections among adults 15-49 years old (per 1000 uninfected population),http://apps.who.int/gho/indicatorregistry/App_Main/view_indicator.aspx?iid=4752,PUBLISHED,Published,,2015,2015,,AMR,Americas,,GTM,Guatemala,,0.41,0.41,,,,,
SDGHIV,New HIV infections among adults 15-49 years old (per 1000 uninfected population),http://apps.who.int/gho/indicatorregistry/App_Main/view_indicator.aspx?iid=4752,PUBLISHED,Published,,2015,2015,,AMR,Americas,,GUY,Guyana,,0.88,0.88,,,,,
SDGHIV,New HIV infections among adults 15-49 years old (per 1000 uninfected population),http://apps.who.int/gho/indicatorregistry/App_Main/view_indicator.aspx?iid=4752,PUBLISHED,Published,,2015,2015,,AMR,Americas,,HND,Honduras,,0.1,0.1,,,,,
SDGHIV,New HIV infections among adults 15-49 years old (per 1000 uninfected population),http://apps.who.int/gho/indicatorregistry/App_Main/view_indicator.aspx?iid=4752,PUBLISHED,Published,,2015,2015,,EUR,Europe,,HRV,Croatia,,No data,,,,,,
SDGHIV,New HIV infections among adults 15-49 years old (per 1000 uninfected population),http://apps.who.int/gho/indicatorregistry/App_Main/view_indicator.aspx?iid=4752,PUBLISHED,Published,,2015,2015,,AMR,Americas,,HTI,Haiti,,0.21,0.21,,,,,
SDGHIV,New HIV infections among adults 15-49 years old (per 1000 uninfected population),http://apps.who.int/gho/indicatorregistry/App_Main/view_indicator.aspx?iid=4752,PUBLISHED,Published,,2015,2015,,EUR,Europe,,HUN,Hungary,,No data,,,,,,
SDGHIV,New HIV infections among adults 15-49 years old (per 1000 uninfected population),http://apps.who.int/gho/indicatorregistry/App_Main/view_indicator.aspx?iid=4752,PUBLISHED,Published,,2015,2015,,SEAR,South-East Asia,,IDN,Indonesia,,0.5,0.5,,,,,
SDGHIV,New HIV infections among adults 15-49 years old (per 1000 uninfected population),http://apps.who.int/gho/indicatorregistry/App_Main/view_indicator.aspx?iid=4752,PUBLISHED,Published,,2015,2015,,SEAR,South-East Asia,,IND,India,,0.11,0.11,,,,,
SDGHIV,New HIV infections among adults 15-49 years old (per 1000 uninfected population),http://apps.who.int/gho/indicatorregistry/App_Main/view_indicator.aspx?iid=4752,PUBLISHED,Published,,2015,2015,,EUR,Europe,,IRL,Ireland,,No data,,,,,,
SDGHIV,New HIV infections among adults 15-49 years old (per 1000 uninfected population),http://apps.who.int/gho/indicatorregistry/App_Main/view_indicator.aspx?iid=4752,PUBLISHED,Published,,2015,2015,,EMR,Eastern Mediterranean,,IRN,Iran (Islamic Republic of),,0.14,0.14,,,,,
SDGHIV,New HIV infections among adults 15-49 years old (per 1000 uninfected population),http://apps.who.int/gho/indicatorregistry/App_Main/view_indicator.aspx?iid=4752,PUBLISHED,Published,,2015,2015,,EMR,Eastern Mediterranean,,IRQ,Iraq,,No data,,,,,,
SDGHIV,New HIV infections among adults 15-49 years old (per 1000 uninfected population),http://apps.who.int/gho/indicatorregistry/App_Main/view_indicator.aspx?iid=4752,PUBLISHED,Published,,2015,2015,,EUR,Europe,,ISL,Iceland,,No data,,,,,,
SDGHIV,New HIV infections among adults 15-49 years old (per 1000 uninfected population),http://apps.who.int/gho/indicatorregistry/App_Main/view_indicator.aspx?iid=4752,PUBLISHED,Published,,2015,2015,,EUR,Europe,,ISR,Israel,,No data,,,,,,
SDGHIV,New HIV infections among adults 15-49 years old (per 1000 uninfected population),http://apps.who.int/gho/indicatorregistry/App_Main/view_indicator.aspx?iid=4752,PUBLISHED,Published,,2015,2015,,EUR,Europe,,ITA,Italy,,0.16,0.16,,,,,
SDGHIV,New HIV infections among adults 15-49 years old (per 1000 uninfected population),http://apps.who.int/gho/indicatorregistry/App_Main/view_indicator.aspx?iid=4752,PUBLISHED,Published,,2015,2015,,AMR,Americas,,JAM,Jamaica,,1.07,1.07,,,,,
SDGHIV,New HIV infections among adults 15-49 years old (per 1000 uninfected population),http://apps.who.int/gho/indicatorregistry/App_Main/view_indicator.aspx?iid=4752,PUBLISHED,Published,,2015,2015,,EMR,Eastern Mediterranean,,JOR,Jordan,,No data,,,,,,
SDGHIV,New HIV infections among adults 15-49 years old (per 1000 uninfected population),http://apps.who.int/gho/indicatorregistry/App_Main/view_indicator.aspx?iid=4752,PUBLISHED,Published,,2015,2015,,WPR,Western Pacific,,JPN,Japan,,No data,,,,,,
SDGHIV,New HIV infections among adults 15-49 years old (per 1000 uninfected population),http://apps.who.int/gho/indicatorregistry/App_Main/view_indicator.aspx?iid=4752,PUBLISHED,Published,,2015,2015,,EUR,Europe,,KAZ,Kazakhstan,,0.36,0.36,,,,,
SDGHIV,New HIV infections among adults 15-49 years old (per 1000 uninfected population),http://apps.who.int/gho/indicatorregistry/App_Main/view_indicator.aspx?iid=4752,PUBLISHED,Published,,2015,2015,,AFR,Africa,,KEN,Kenya,,3.52,3.52,,,,,
SDGHIV,New HIV infections among adults 15-49 years old (per 1000 uninfected population),http://apps.who.int/gho/indicatorregistry/App_Main/view_indicator.aspx?iid=4752,PUBLISHED,Published,,2015,2015,,EUR,Europe,,KGZ,Kyrgyzstan,,0.28,0.28,,,,,
SDGHIV,New HIV infections among adults 15-49 years old (per 1000 uninfected population),http://apps.who.int/gho/indicatorregistry/App_Main/view_indicator.aspx?iid=4752,PUBLISHED,Published,,2015,2015,,WPR,Western Pacific,,KHM,Cambodia,,0.08,0.08,,,,,
SDGHIV,New HIV infections among adults 15-49 years old (per 1000 uninfected population),http://apps.who.int/gho/indicatorregistry/App_Main/view_indicator.aspx?iid=4752,PUBLISHED,Published,,2015,2015,,WPR,Western Pacific,,KIR,Kiribati,,No data,,,,,,
SDGHIV,New HIV infections among adults 15-49 years old (per 1000 uninfected population),http://apps.who.int/gho/indicatorregistry/App_Main/view_indicator.aspx?iid=4752,PUBLISHED,Published,,2015,2015,,AMR,Americas,,KNA,Saint Kitts and Nevis,,No data,,,,,,
SDGHIV,New HIV infections among adults 15-49 years old (per 1000 uninfected population),http://apps.who.int/gho/indicatorregistry/App_Main/view_indicator.aspx?iid=4752,PUBLISHED,Published,,2015,2015,,WPR,Western Pacific,,KOR,Republic of Korea,,No data,,,,,,
SDGHIV,New HIV infections among adults 15-49 years old (per 1000 uninfected population),http://apps.who.int/gho/indicatorregistry/App_Main/view_indicator.aspx?iid=4752,PUBLISHED,Published,,2015,2015,,EMR,Eastern Mediterranean,,KWT,Kuwait,,No data,,,,,,
SDGHIV,New HIV infections among adults 15-49 years old (per 1000 uninfected population),http://apps.who.int/gho/indicatorregistry/App_Main/view_indicator.aspx?iid=4752,PUBLISHED,Published,,2015,2015,,WPR,Western Pacific,,LAO,Lao People's Democratic Republic,,No data,,,,,,
SDGHIV,New HIV infections among adults 15-49 years old (per 1000 uninfected population),http://apps.who.int/gho/indicatorregistry/App_Main/view_indicator.aspx?iid=4752,PUBLISHED,Published,,2015,2015,,EMR,Eastern Mediterranean,,LBN,Lebanon,,0.05,0.05,,,,,
SDGHIV,New HIV infections among adults 15-49 years old (per 1000 uninfected population),http://apps.who.int/gho/indicatorregistry/App_Main/view_indicator.aspx?iid=4752,PUBLISHED,Published,,2015,2015,,AFR,Africa,,LBR,Liberia,,0.56,0.56,,,,,
SDGHIV,New HIV infections among adults 15-49 years old (per 1000 uninfected population),http://apps.who.int/gho/indicatorregistry/App_Main/view_indicator.aspx?iid=4752,PUBLISHED,Published,,2015,2015,,EMR,Eastern Mediterranean,,LBY,Libya,,No data,,,,,,
SDGHIV,New HIV infections among adults 15-49 years old (per 1000 uninfected population),http://apps.who.int/gho/indicatorregistry/App_Main/view_indicator.aspx?iid=4752,PUBLISHED,Published,,2015,2015,,AMR,Americas,,LCA,Saint Lucia,,No data,,,,,,
SDGHIV,New HIV infections among adults 15-49 years old (per 1000 uninfected population),http://apps.who.int/gho/indicatorregistry/App_Main/view_indicator.aspx?iid=4752,PUBLISHED,Published,,2015,2015,,SEAR,South-East Asia,,LKA,Sri Lanka,,0.05,0.05,,,,,
SDGHIV,New HIV infections among adults 15-49 years old (per 1000 uninfected population),http://apps.who.int/gho/indicatorregistry/App_Main/view_indicator.aspx?iid=4752,PUBLISHED,Published,,2015,2015,,AFR,Africa,,LSO,Lesotho,,18.8,18.8,,,,,
SDGHIV,New HIV infections among adults 15-49 years old (per 1000 uninfected population),http://apps.who.int/gho/indicatorregistry/App_Main/view_indicator.aspx?iid=4752,PUBLISHED,Published,,2015,2015,,EUR,Europe,,LTU,Lithuania,,No data,,,,,,
SDGHIV,New HIV infections among adults 15-49 years old (per 1000 uninfected population),http://apps.who.int/gho/indicatorregistry/App_Main/view_indicator.aspx?iid=4752,PUBLISHED,Published,,2015,2015,,EUR,Europe,,LUX,Luxembourg,,No data,,,,,,
SDGHIV,New HIV infections among adults 15-49 years old (per 1000 uninfected population),http://apps.who.int/gho/indicatorregistry/App_Main/view_indicator.aspx?iid=4752,PUBLISHED,Published,,2015,2015,,EUR,Europe,,LVA,Latvia,,0.53,0.53,,,,,
SDGHIV,New HIV infections among adults 15-49 years old (per 1000 uninfected population),http://apps.who.int/gho/indicatorregistry/App_Main/view_indicator.aspx?iid=4752,PUBLISHED,Published,,2015,2015,,EMR,Eastern Mediterranean,,MAR,Morocco,,0.07,0.07,,,,,
SDGHIV,New HIV infections among adults 15-49 years old (per 1000 uninfected population),http://apps.who.int/gho/indicatorregistry/App_Main/view_indicator.aspx?iid=4752,PUBLISHED,Published,,2015,2015,,EUR,Europe,,MCO,Monaco,,No data,,,,,,
SDGHIV,New HIV infections among adults 15-49 years old (per 1000 uninfected population),http://apps.who.int/gho/indicatorregistry/App_Main/view_indicator.aspx?iid=4752,PUBLISHED,Published,,2015,2015,,EUR,Europe,,MDA,Republic of Moldova,,0.55,0.55,,,,,
SDGHIV,New HIV infections among adults 15-49 years old (per 1000 uninfected population),http://apps.who.int/gho/indicatorregistry/App_Main/view_indicator.aspx?iid=4752,PUBLISHED,Published,,2015,2015,,AFR,Africa,,MDG,Madagascar,,0.5,0.5,,,,,
SDGHIV,New HIV infections among adults 15-49 years old (per 1000 uninfected population),http://apps.who.int/gho/indicatorregistry/App_Main/view_indicator.aspx?iid=4752,PUBLISHED,Published,,2015,2015,,SEAR,South-East Asia,,MDV,Maldives,,No data,,,,,,
SDGHIV,New HIV infections among adults 15-49 years old (per 1000 uninfected population),http://apps.who.int/gho/indicatorregistry/App_Main/view_indicator.aspx?iid=4752,PUBLISHED,Published,,2015,2015,,AMR,Americas,,MEX,Mexico,,0.16,0.16,,,,,
SDGHIV,New HIV infections among adults 15-49 years old (per 1000 uninfected population),http://apps.who.int/gho/indicatorregistry/App_Main/view_indicator.aspx?iid=4752,PUBLISHED,Published,,2015,2015,,WPR,Western Pacific,,MHL,Marshall Islands,,No data,,,,,,
SDGHIV,New HIV infections among adults 15-49 years old (per 1000 uninfected population),http://apps.who.int/gho/indicatorregistry/App_Main/view_indicator.aspx?iid=4752,PUBLISHED,Published,,2015,2015,,EUR,Europe,,MKD,The former Yugoslav republic of Macedonia,,No data,,,,,,
SDGHIV,New HIV infections among adults 15-49 years old (per 1000 uninfected population),http://apps.who.int/gho/indicatorregistry/App_Main/view_indicator.aspx?iid=4752,PUBLISHED,Published,,2015,2015,,AFR,Africa,,MLI,Mali,,1.05,1.05,,,,,
SDGHIV,New HIV infections among adults 15-49 years old (per 1000 uninfected population),http://apps.who.int/gho/indicatorregistry/App_Main/view_indicator.aspx?iid=4752,PUBLISHED,Published,,2015,2015,,EUR,Europe,,MLT,Malta,,No data,,,,,,
SDGHIV,New HIV infections among adults 15-49 years old (per 1000 uninfected population),http://apps.who.int/gho/indicatorregistry/App_Main/view_indicator.aspx?iid=4752,PUBLISHED,Published,,2015,2015,,SEAR,South-East Asia,,MMR,Myanmar,,0.41,0.41,,,,,
SDGHIV,New HIV infections among adults 15-49 years old (per 1000 uninfected population),http://apps.who.int/gho/indicatorregistry/App_Main/view_indicator.aspx?iid=4752,PUBLISHED,Published,,2015,2015,,EUR,Europe,,MNE,Montenegro,,No data,,,,,,
SDGHIV,New HIV infections among adults 15-49 years old (per 1000 uninfected population),http://apps.who.int/gho/indicatorregistry/App_Main/view_indicator.aspx?iid=4752,PUBLISHED,Published,,2015,2015,,WPR,Western Pacific,,MNG,Mongolia,,0.03,0.03,,,,,
SDGHIV,New HIV infections among adults 15-49 years old (per 1000 uninfected population),http://apps.who.int/gho/indicatorregistry/App_Main/view_indicator.aspx?iid=4752,PUBLISHED,Published,,2015,2015,,AFR,Africa,,MOZ,Mozambique,,7.07,7.07,,,,,
SDGHIV,New HIV infections among adults 15-49 years old (per 1000 uninfected population),http://apps.who.int/gho/indicatorregistry/App_Main/view_indicator.aspx?iid=4752,PUBLISHED,Published,,2015,2015,,AFR,Africa,,MRT,Mauritania,,0.28,0.28,,,,,
SDGHIV,New HIV infections among adults 15-49 years old (per 1000 uninfected population),http://apps.who.int/gho/indicatorregistry/App_Main/view_indicator.aspx?iid=4752,PUBLISHED,Published,,2015,2015,,AFR,Africa,,MUS,Mauritius,,0.42,0.42,,,,,
SDGHIV,New HIV infections among adults 15-49 years old (per 1000 uninfected population),http://apps.who.int/gho/indicatorregistry/App_Main/view_indicator.aspx?iid=4752,PUBLISHED,Published,,2015,2015,,AFR,Africa,,MWI,Malawi,,3.82,3.82,,,,,
SDGHIV,New HIV infections among adults 15-49 years old (per 1000 uninfected population),http://apps.who.int/gho/indicatorregistry/App_Main/view_indicator.aspx?iid=4752,PUBLISHED,Published,,2015,2015,,WPR,Western Pacific,,MYS,Malaysia,,0.27,0.27,,,,,
SDGHIV,New HIV infections among adults 15-49 years old (per 1000 uninfected population),http://apps.who.int/gho/indicatorregistry/App_Main/view_indicator.aspx?iid=4752,PUBLISHED,Published,,2015,2015,,AFR,Africa,,NAM,Namibia,,6.79,6.79,,,,,
SDGHIV,New HIV infections among adults 15-49 years old (per 1000 uninfected population),http://apps.who.int/gho/indicatorregistry/App_Main/view_indicator.aspx?iid=4752,PUBLISHED,Published,,2015,2015,,AFR,Africa,,NER,Niger,,0.19,0.19,,,,,
SDGHIV,New HIV infections among adults 15-49 years old (per 1000 uninfected population),http://apps.who.int/gho/indicatorregistry/App_Main/view_indicator.aspx?iid=4752,PUBLISHED,Published,,2015,2015,,AFR,Africa,,NGA,Nigeria,,No data,,,,,,
SDGHIV,New HIV infections among adults 15-49 years old (per 1000 uninfected population),http://apps.who.int/gho/indicatorregistry/App_Main/view_indicator.aspx?iid=4752,PUBLISHED,Published,,2015,2015,,AMR,Americas,,NIC,Nicaragua,,0.23,0.23,,,,,
SDGHIV,New HIV infections among adults 15-49 years old (per 1000 uninfected population),http://apps.who.int/gho/indicatorregistry/App_Main/view_indicator.aspx?iid=4752,PUBLISHED,Published,,2015,2015,,WPR,Western Pacific,,NIU,Niue,,No data,,,,,,
SDGHIV,New HIV infections among adults 15-49 years old (per 1000 uninfected population),http://apps.who.int/gho/indicatorregistry/App_Main/view_indicator.aspx?iid=4752,PUBLISHED,Published,,2015,2015,,EUR,Europe,,NLD,Netherlands,,No data,,,,,,
SDGHIV,New HIV infections among adults 15-49 years old (per 1000 uninfected population),http://apps.who.int/gho/indicatorregistry/App_Main/view_indicator.aspx?iid=4752,PUBLISHED,Published,,2015,2015,,EUR,Europe,,NOR,Norway,,No data,,,,,,
SDGHIV,New HIV infections among adults 15-49 years old (per 1000 uninfected population),http://apps.who.int/gho/indicatorregistry/App_Main/view_indicator.aspx?iid=4752,PUBLISHED,Published,,2015,2015,,SEAR,South-East Asia,,NPL,Nepal,,0.08,0.08,,,,,
SDGHIV,New HIV infections among adults 15-49 years old (per 1000 uninfected population),http://apps.who.int/gho/indicatorregistry/App_Main/view_indicator.aspx?iid=4752,PUBLISHED,Published,,2015,2015,,WPR,Western Pacific,,NRU,Nauru,,No data,,,,,,
SDGHIV,New HIV infections among adults 15-49 years old (per 1000 uninfected population),http://apps.who.int/gho/indicatorregistry/App_Main/view_indicator.aspx?iid=4752,PUBLISHED,Published,,2015,2015,,WPR,Western Pacific,,NZL,New Zealand,,No data,,,,,,
SDGHIV,New HIV infections among adults 15-49 years old (per 1000 uninfected population),http://apps.who.int/gho/indicatorregistry/App_Main/view_indicator.aspx?iid=4752,PUBLISHED,Published,,2015,2015,,EMR,Eastern Mediterranean,,OMN,Oman,,No data,,,,,,
SDGHIV,New HIV infections among adults 15-49 years old (per 1000 uninfected population),http://apps.who.int/gho/indicatorregistry/App_Main/view_indicator.aspx?iid=4752,PUBLISHED,Published,,2015,2015,,EMR,Eastern Mediterranean,,PAK,Pakistan,,0.16,0.16,,,,,
SDGHIV,New HIV infections among adults 15-49 years old (per 1000 uninfected population),http://apps.who.int/gho/indicatorregistry/App_Main/view_indicator.aspx?iid=4752,PUBLISHED,Published,,2015,2015,,AMR,Americas,,PAN,Panama,,0.48,0.48,,,,,
SDGHIV,New HIV infections among adults 15-49 years old (per 1000 uninfected population),http://apps.who.int/gho/indicatorregistry/App_Main/view_indicator.aspx?iid=4752,PUBLISHED,Published,,2015,2015,,AMR,Americas,,PER,Peru,,0.17,0.17,,,,,
SDGHIV,New HIV infections among adults 15-49 years old (per 1000 uninfected population),http://apps.who.int/gho/indicatorregistry/App_Main/view_indicator.aspx?iid=4752,PUBLISHED,Published,,2015,2015,,WPR,Western Pacific,,PHL,Philippines,,0.12,0.12,,,,,
SDGHIV,New HIV infections among adults 15-49 years old (per 1000 uninfected population),http://apps.who.int/gho/indicatorregistry/App_Main/view_indicator.aspx?iid=4752,PUBLISHED,Published,,2015,2015,,WPR,Western Pacific,,PLW,Palau,,No data,,,,,,
SDGHIV,New HIV infections among adults 15-49 years old (per 1000 uninfected population),http://apps.who.int/gho/indicatorregistry/App_Main/view_indicator.aspx?iid=4752,PUBLISHED,Published,,2015,2015,,WPR,Western Pacific,,PNG,Papua New Guinea,,0.54,0.54,,,,,
SDGHIV,New HIV infections among adults 15-49 years old (per 1000 uninfected population),http://apps.who.int/gho/indicatorregistry/App_Main/view_indicator.aspx?iid=4752,PUBLISHED,Published,,2015,2015,,EUR,Europe,,POL,Poland,,No data,,,,,,
SDGHIV,New HIV infections among adults 15-49 years old (per 1000 uninfected population),http://apps.who.int/gho/indicatorregistry/App_Main/view_indicator.aspx?iid=4752,PUBLISHED,Published,,2015,2015,,SEAR,South-East Asia,,PRK,Democratic People's Republic of Korea,,No data,,,,,,
SDGHIV,New HIV infections among adults 15-49 years old (per 1000 uninfected population),http://apps.who.int/gho/indicatorregistry/App_Main/view_indicator.aspx?iid=4752,PUBLISHED,Published,,2015,2015,,EUR,Europe,,PRT,Portugal,,No data,,,,,,
SDGHIV,New HIV infections among adults 15-49 years old (per 1000 uninfected population),http://apps.who.int/gho/indicatorregistry/App_Main/view_indicator.aspx?iid=4752,PUBLISHED,Published,,2015,2015,,AMR,Americas,,PRY,Paraguay,,0.3,0.3,,,,,
SDGHIV,New HIV infections among adults 15-49 years old (per 1000 uninfected population),http://apps.who.int/gho/indicatorregistry/App_Main/view_indicator.aspx?iid=4752,PUBLISHED,Published,,2015,2015,,EMR,Eastern Mediterranean,,QAT,Qatar,,No data,,,,,,
SDGHIV,New HIV infections among adults 15-49 years old (per 1000 uninfected population),http://apps.who.int/gho/indicatorregistry/App_Main/view_indicator.aspx?iid=4752,PUBLISHED,Published,,2015,2015,,EUR,Europe,,ROU,Romania,,No data,,,,,,
SDGHIV,New HIV infections among adults 15-49 years old (per 1000 uninfected population),http://apps.who.int/gho/indicatorregistry/App_Main/view_indicator.aspx?iid=4752,PUBLISHED,Published,,2015,2015,,EUR,Europe,,RUS,Russian Federation,,No data,,,,,,
SDGHIV,New HIV infections among adults 15-49 years old (per 1000 uninfected population),http://apps.who.int/gho/indicatorregistry/App_Main/view_indicator.aspx?iid=4752,PUBLISHED,Published,,2015,2015,,AFR,Africa,,RWA,Rwanda,,1.41,1.41,,,,,
SDGHIV,New HIV infections among adults 15-49 years old (per 1000 uninfected population),http://apps.who.int/gho/indicatorregistry/App_Main/view_indicator.aspx?iid=4752,PUBLISHED,Published,,2015,2015,,EMR,Eastern Mediterranean,,SAU,Saudi Arabia,,No data,,,,,,
SDGHIV,New HIV infections among adults 15-49 years old (per 1000 uninfected population),http://apps.who.int/gho/indicatorregistry/App_Main/view_indicator.aspx?iid=4752,PUBLISHED,Published,,2015,2015,,EMR,Eastern Mediterranean,,SDN,Sudan,,No data,,,,,,
SDGHIV,New HIV infections among adults 15-49 years old (per 1000 uninfected population),http://apps.who.int/gho/indicatorregistry/App_Main/view_indicator.aspx?iid=4752,PUBLISHED,Published,,2015,2015,,AFR,Africa,,SEN,Senegal,,0.14,0.14,,,,,
SDGHIV,New HIV infections among adults 15-49 years old (per 1000 uninfected population),http://apps.who.int/gho/indicatorregistry/App_Main/view_indicator.aspx?iid=4752,PUBLISHED,Published,,2015,2015,,WPR,Western Pacific,,SGP,Singapore,,No data,,,,,,
SDGHIV,New HIV infections among adults 15-49 years old (per 1000 uninfected population),http://apps.who.int/gho/indicatorregistry/App_Main/view_indicator.aspx?iid=4752,PUBLISHED,Published,,2015,2015,,WPR,Western Pacific,,SLB,Solomon Islands,,No data,,,,,,
SDGHIV,New HIV infections among adults 15-49 years old (per 1000 uninfected population),http://apps.who.int/gho/indicatorregistry/App_Main/view_indicator.aspx?iid=4752,PUBLISHED,Published,,2015,2015,,AFR,Africa,,SLE,Sierra Leone,,0.69,0.69,,,,,
SDGHIV,New HIV infections among adults 15-49 years old (per 1000 uninfected population),http://apps.who.int/gho/indicatorregistry/App_Main/view_indicator.aspx?iid=4752,PUBLISHED,Published,,2015,2015,,AMR,Americas,,SLV,El Salvador,,0.15,0.15,,,,,
SDGHIV,New HIV infections among adults 15-49 years old (per 1000 uninfected population),http://apps.who.int/gho/indicatorregistry/App_Main/view_indicator.aspx?iid=4752,PUBLISHED,Published,,2015,2015,,EUR,Europe,,SMR,San Marino,,No data,,,,,,
SDGHIV,New HIV infections among adults 15-49 years old (per 1000 uninfected population),http://apps.who.int/gho/indicatorregistry/App_Main/view_indicator.aspx?iid=4752,PUBLISHED,Published,,2015,2015,,EMR,Eastern Mediterranean,,SOM,Somalia,,0.48,0.48,,,,,
SDGHIV,New HIV infections among adults 15-49 years old (per 1000 uninfected population),http://apps.who.int/gho/indicatorregistry/App_Main/view_indicator.aspx?iid=4752,PUBLISHED,Published,,2015,2015,,EUR,Europe,,SRB,Serbia,,No data,,,,,,
SDGHIV,New HIV infections among adults 15-49 years old (per 1000 uninfected population),http://apps.who.int/gho/indicatorregistry/App_Main/view_indicator.aspx?iid=4752,PUBLISHED,Published,,2015,2015,,AFR,Africa,,SSD,South Sudan,,No data,,,,,,
SDGHIV,New HIV infections among adults 15-49 years old (per 1000 uninfected population),http://apps.who.int/gho/indicatorregistry/App_Main/view_indicator.aspx?iid=4752,PUBLISHED,Published,,2015,2015,,AFR,Africa,,STP,Sao Tome and Principe,,No data,,,,,,
SDGHIV,New HIV infections among adults 15-49 years old (per 1000 uninfected population),http://apps.who.int/gho/indicatorregistry/App_Main/view_indicator.aspx?iid=4752,PUBLISHED,Published,,2015,2015,,AMR,Americas,,SUR,Suriname,,0.62,0.62,,,,,
SDGHIV,New HIV infections among adults 15-49 years old (per 1000 uninfected population),http://apps.who.int/gho/indicatorregistry/App_Main/view_indicator.aspx?iid=4752,PUBLISHED,Published,,2015,2015,,EUR,Europe,,SVK,Slovakia,,No data,,,,,,
SDGHIV,New HIV infections among adults 15-49 years old (per 1000 uninfected population),http://apps.who.int/gho/indicatorregistry/App_Main/view_indicator.aspx?iid=4752,PUBLISHED,Published,,2015,2015,,EUR,Europe,,SVN,Slovenia,,No data,,,,,,
SDGHIV,New HIV infections among adults 15-49 years old (per 1000 uninfected population),http://apps.who.int/gho/indicatorregistry/App_Main/view_indicator.aspx?iid=4752,PUBLISHED,Published,,2015,2015,,EUR,Europe,,SWE,Sweden,,No data,,,,,,
SDGHIV,New HIV infections among adults 15-49 years old (per 1000 uninfected population),http://apps.who.int/gho/indicatorregistry/App_Main/view_indicator.aspx?iid=4752,PUBLISHED,Published,,2015,2015,,AFR,Africa,,SWZ,Swaziland,,23.6,23.6,,,,,
SDGHIV,New HIV infections among adults 15-49 years old (per 1000 uninfected population),http://apps.who.int/gho/indicatorregistry/App_Main/view_indicator.aspx?iid=4752,PUBLISHED,Published,,2015,2015,,AFR,Africa,,SYC,Seychelles,,No data,,,,,,
SDGHIV,New HIV infections among adults 15-49 years old (per 1000 uninfected population),http://apps.who.int/gho/indicatorregistry/App_Main/view_indicator.aspx?iid=4752,PUBLISHED,Published,,2015,2015,,EMR,Eastern Mediterranean,,SYR,Syrian Arab Republic,,No data,,,,,,
SDGHIV,New HIV infections among adults 15-49 years old (per 1000 uninfected population),http://apps.who.int/gho/indicatorregistry/App_Main/view_indicator.aspx?iid=4752,PUBLISHED,Published,,2015,2015,,AFR,Africa,,TCD,Chad,,1.02,1.02,,,,,
SDGHIV,New HIV infections among adults 15-49 years old (per 1000 uninfected population),http://apps.who.int/gho/indicatorregistry/App_Main/view_indicator.aspx?iid=4752,PUBLISHED,Published,,2015,2015,,AFR,Africa,,TGO,Togo,,1.21,1.21,,,,,
SDGHIV,New HIV infections among adults 15-49 years old (per 1000 uninfected population),http://apps.who.int/gho/indicatorregistry/App_Main/view_indicator.aspx?iid=4752,PUBLISHED,Published,,2015,2015,,SEAR,South-East Asia,,THA,Thailand,,0.2,0.2,,,,,
SDGHIV,New HIV infections among adults 15-49 years old (per 1000 uninfected population),http://apps.who.int/gho/indicatorregistry/App_Main/view_indicator.aspx?iid=4752,PUBLISHED,Published,,2015,2015,,EUR,Europe,,TJK,Tajikistan,,0.33,0.33,,,,,
SDGHIV,New HIV infections among adults 15-49 years old (per 1000 uninfected population),http://apps.who.int/gho/indicatorregistry/App_Main/view_indicator.aspx?iid=4752,PUBLISHED,Published,,2015,2015,,EUR,Europe,,TKM,Turkmenistan,,No data,,,,,,
SDGHIV,New HIV infections among adults 15-49 years old (per 1000 uninfected population),http://apps.who.int/gho/indicatorregistry/App_Main/view_indicator.aspx?iid=4752,PUBLISHED,Published,,2015,2015,,SEAR,South-East Asia,,TLS,Timor-Leste,,No data,,,,,,
SDGHIV,New HIV infections among adults 15-49 years old (per 1000 uninfected population),http://apps.who.int/gho/indicatorregistry/App_Main/view_indicator.aspx?iid=4752,PUBLISHED,Published,,2015,2015,,WPR,Western Pacific,,TON,Tonga,,No data,,,,,,
SDGHIV,New HIV infections among adults 15-49 years old (per 1000 uninfected population),http://apps.who.int/gho/indicatorregistry/App_Main/view_indicator.aspx?iid=4752,PUBLISHED,Published,,2015,2015,,AMR,Americas,,TTO,Trinidad and Tobago,,0.52,0.52,,,,,
SDGHIV,New HIV infections among adults 15-49 years old (per 1000 uninfected population),http://apps.who.int/gho/indicatorregistry/App_Main/view_indicator.aspx?iid=4752,PUBLISHED,Published,,2015,2015,,EMR,Eastern Mediterranean,,TUN,Tunisia,,0.04,0.04,,,,,
SDGHIV,New HIV infections among adults 15-49 years old (per 1000 uninfected population),http://apps.who.int/gho/indicatorregistry/App_Main/view_indicator.aspx?iid=4752,PUBLISHED,Published,,2015,2015,,EUR,Europe,,TUR,Turkey,,No data,,,,,,
SDGHIV,New HIV infections among adults 15-49 years old (per 1000 uninfected population),http://apps.who.int/gho/indicatorregistry/App_Main/view_indicator.aspx?iid=4752,PUBLISHED,Published,,2015,2015,,WPR,Western Pacific,,TUV,Tuvalu,,No data,,,,,,
SDGHIV,New HIV infections among adults 15-49 years old (per 1000 uninfected population),http://apps.who.int/gho/indicatorregistry/App_Main/view_indicator.aspx?iid=4752,PUBLISHED,Published,,2015,2015,,AFR,Africa,,TZA,United Republic of Tanzania,,2.11,2.11,,,,,
SDGHIV,New HIV infections among adults 15-49 years old (per 1000 uninfected population),http://apps.who.int/gho/indicatorregistry/App_Main/view_indicator.aspx?iid=4752,PUBLISHED,Published,,2015,2015,,AFR,Africa,,UGA,Uganda,,5.12,5.12,,,,,
SDGHIV,New HIV infections among adults 15-49 years old (per 1000 uninfected population),http://apps.who.int/gho/indicatorregistry/App_Main/view_indicator.aspx?iid=4752,PUBLISHED,Published,,2015,2015,,EUR,Europe,,UKR,Ukraine,,0.68,0.68,,,,,
SDGHIV,New HIV infections among adults 15-49 years old (per 1000 uninfected population),http://apps.who.int/gho/indicatorregistry/App_Main/view_indicator.aspx?iid=4752,PUBLISHED,Published,,2015,2015,,AMR,Americas,,URY,Uruguay,,0.27,0.27,,,,,
SDGHIV,New HIV infections among adults 15-49 years old (per 1000 uninfected population),http://apps.who.int/gho/indicatorregistry/App_Main/view_indicator.aspx?iid=4752,PUBLISHED,Published,,2015,2015,,AMR,Americas,,USA,United States of America,,No data,,,,,,
SDGHIV,New HIV infections among adults 15-49 years old (per 1000 uninfected population),http://apps.who.int/gho/indicatorregistry/App_Main/view_indicator.aspx?iid=4752,PUBLISHED,Published,,2015,2015,,EUR,Europe,,UZB,Uzbekistan,,0.02,0.02,,,,,
SDGHIV,New HIV infections among adults 15-49 years old (per 1000 uninfected population),http://apps.who.int/gho/indicatorregistry/App_Main/view_indicator.aspx?iid=4752,PUBLISHED,Published,,2015,2015,,AMR,Americas,,VCT,Saint Vincent and the Grenadines,,No data,,,,,,
SDGHIV,New HIV infections among adults 15-49 years old (per 1000 uninfected population),http://apps.who.int/gho/indicatorregistry/App_Main/view_indicator.aspx?iid=4752,PUBLISHED,Published,,2015,2015,,AMR,Americas,,VEN,Venezuela (Bolivarian Republic of),,0.33,0.33,,,,,
SDGHIV,New HIV infections among adults 15-49 years old (per 1000 uninfected population),http://apps.who.int/gho/indicatorregistry/App_Main/view_indicator.aspx?iid=4752,PUBLISHED,Published,,2015,2015,,WPR,Western Pacific,,VNM,Viet Nam,,0.28,0.28,,,,,
SDGHIV,New HIV infections among adults 15-49 years old (per 1000 uninfected population),http://apps.who.int/gho/indicatorregistry/App_Main/view_indicator.aspx?iid=4752,PUBLISHED,Published,,2015,2015,,WPR,Western Pacific,,VUT,Vanuatu,,No data,,,,,,
SDGHIV,New HIV infections among adults 15-49 years old (per 1000 uninfected population),http://apps.who.int/gho/indicatorregistry/App_Main/view_indicator.aspx?iid=4752,PUBLISHED,Published,,2015,2015,,WPR,Western Pacific,,WSM,Samoa,,No data,,,,,,
SDGHIV,New HIV infections among adults 15-49 years old (per 1000 uninfected population),http://apps.who.int/gho/indicatorregistry/App_Main/view_indicator.aspx?iid=4752,PUBLISHED,Published,,2015,2015,,EMR,Eastern Mediterranean,,YEM,Yemen,,0.07,0.07,,,,,
SDGHIV,New HIV infections among adults 15-49 years old (per 1000 uninfected population),http://apps.who.int/gho/indicatorregistry/App_Main/view_indicator.aspx?iid=4752,PUBLISHED,Published,,2015,2015,,AFR,Africa,,ZAF,South Africa,,14.4,14.4,,,,,
SDGHIV,New HIV infections among adults 15-49 years old (per 1000 uninfected population),http://apps.who.int/gho/indicatorregistry/App_Main/view_indicator.aspx?iid=4752,PUBLISHED,Published,,2015,2015,,AFR,Africa,,ZMB,Zambia,,8.55,8.55,,,,,
SDGHIV,New HIV infections among adults 15-49 years old (per 1000 uninfected population),http://apps.who.int/gho/indicatorregistry/App_Main/view_indicator.aspx?iid=4752,PUBLISHED,Published,,2015,2015,,AFR,Africa,,ZWE,Zimbabwe,,8.84,8.84,,,,,
HIV_0000000026,Number of new HIV infections,http://apps.who.int/gho/indicatorregistry/App_Main/view_indicator.aspx?iid=4659,PUBLISHED,Published,,2016,2016,,EMR,Eastern Mediterranean,,AFG,Afghanistan,,<1000 [<500– 3 000],1000,500,3000,,,
HIV_0000000026,Number of new HIV infections,http://apps.who.int/gho/indicatorregistry/App_Main/view_indicator.aspx?iid=4659,PUBLISHED,Published,,2016,2016,,EUR,Europe,,ALB,Albania,,<500 [<200–<500],500,200,500,,,
HIV_0000000026,Number of new HIV infections,http://apps.who.int/gho/indicatorregistry/App_Main/view_indicator.aspx?iid=4659,PUBLISHED,Published,,2016,2016,,AFR,Africa,,DZA,Algeria,,<1000 [<1000–<1000],1000,1000,1000,,,
HIV_0000000026,Number of new HIV infections,http://apps.who.int/gho/indicatorregistry/App_Main/view_indicator.aspx?iid=4659,PUBLISHED,Published,,2016,2016,,AFR,Africa,,AGO,Angola,,25 000 [18 000–32 000],25000,18000,32000,,,
HIV_0000000026,Number of new HIV infections,http://apps.who.int/gho/indicatorregistry/App_Main/view_indicator.aspx?iid=4659,PUBLISHED,Published,,2016,2016,,AMR,Americas,,ARG,Argentina,, 5 500 [ 4 700– 6 100],5500,4700,6100,,,
HIV_0000000026,Number of new HIV infections,http://apps.who.int/gho/indicatorregistry/App_Main/view_indicator.aspx?iid=4659,PUBLISHED,Published,,2016,2016,,EUR,Europe,,ARM,Armenia,,<500 [<200–<500],500,200,500,,,
HIV_0000000026,Number of new HIV infections,http://apps.who.int/gho/indicatorregistry/App_Main/view_indicator.aspx?iid=4659,PUBLISHED,Published,,2016,2016,,WPR,Western Pacific,,AUS,Australia,, 1 100 [ 1 100– 1 200],1100,1100,1200,,,
HIV_0000000026,Number of new HIV infections,http://apps.who.int/gho/indicatorregistry/App_Main/view_indicator.aspx?iid=4659,PUBLISHED,Published,,2016,2016,,EUR,Europe,,AUT,Austria,,No data,,,,,,
HIV_0000000026,Number of new HIV infections,http://apps.who.int/gho/indicatorregistry/App_Main/view_indicator.aspx?iid=4659,PUBLISHED,Published,,2016,2016,,EUR,Europe,,AZE,Azerbaijan,,<1000 [<1000– 1 300],1000,1000,1300,,,
HIV_0000000026,Number of new HIV infections,http://apps.who.int/gho/indicatorregistry/App_Main/view_indicator.aspx?iid=4659,PUBLISHED,Published,,2016,2016,,AMR,Americas,,BHS,Bahamas,,No data,,,,,,
HIV_0000000026,Number of new HIV infections,http://apps.who.int/gho/indicatorregistry/App_Main/view_indicator.aspx?iid=4659,PUBLISHED,Published,,2016,2016,,EMR,Eastern Mediterranean,,BHR,Bahrain,,<100 [<100–<100],100,100,100,,,
HIV_0000000026,Number of new HIV infections,http://apps.who.int/gho/indicatorregistry/App_Main/view_indicator.aspx?iid=4659,PUBLISHED,Published,,2016,2016,,SEAR,South-East Asia,,BGD,Bangladesh,, 1 500 [ 1 200– 1 600],1500,1200,1600,,,
HIV_0000000026,Number of new HIV infections,http://apps.who.int/gho/indicatorregistry/App_Main/view_indicator.aspx?iid=4659,PUBLISHED,Published,,2016,2016,,AMR,Americas,,BRB,Barbados,,<200 [<200–<200],200,200,200,,,
HIV_0000000026,Number of new HIV infections,http://apps.who.int/gho/indicatorregistry/App_Main/view_indicator.aspx?iid=4659,PUBLISHED,Published,,2016,2016,,EUR,Europe,,BLR,Belarus,, 1 800 [ 1 000– 2 900],1800,1000,2900,,,
HIV_0000000026,Number of new HIV infections,http://apps.who.int/gho/indicatorregistry/App_Main/view_indicator.aspx?iid=4659,PUBLISHED,Published,,2016,2016,,EUR,Europe,,BEL,Belgium,,No data,,,,,,
HIV_0000000026,Number of new HIV infections,http://apps.who.int/gho/indicatorregistry/App_Main/view_indicator.aspx?iid=4659,PUBLISHED,Published,,2016,2016,,AMR,Americas,,BLZ,Belize,,<500 [<200–<500],500,200,500,,,
HIV_0000000026,Number of new HIV infections,http://apps.who.int/gho/indicatorregistry/App_Main/view_indicator.aspx?iid=4659,PUBLISHED,Published,,2016,2016,,AFR,Africa,,BEN,Benin,, 3 600 [ 2 200– 5 800],3600,2200,5800,,,
HIV_0000000026,Number of new HIV infections,http://apps.who.int/gho/indicatorregistry/App_Main/view_indicator.aspx?iid=4659,PUBLISHED,Published,,2016,2016,,SEAR,South-East Asia,,BTN,Bhutan,,No data,,,,,,
HIV_0000000026,Number of new HIV infections,http://apps.who.int/gho/indicatorregistry/App_Main/view_indicator.aspx?iid=4659,PUBLISHED,Published,,2016,2016,,AMR,Americas,,BOL,Bolivia (Plurinational State of),, 1 100 [<1000– 1 600],1100,1000,1600,,,
HIV_0000000026,Number of new HIV infections,http://apps.who.int/gho/indicatorregistry/App_Main/view_indicator.aspx?iid=4659,PUBLISHED,Published,,2016,2016,,EUR,Europe,,BIH,Bosnia and Herzegovina,,No data,,,,,,
HIV_0000000026,Number of new HIV infections,http://apps.who.int/gho/indicatorregistry/App_Main/view_indicator.aspx?iid=4659,PUBLISHED,Published,,2016,2016,,AFR,Africa,,BWA,Botswana,,10 000 [ 7 400–13 000],10000,7400,13000,,,
HIV_0000000026,Number of new HIV infections,http://apps.who.int/gho/indicatorregistry/App_Main/view_indicator.aspx?iid=4659,PUBLISHED,Published,,2016,2016,,AMR,Americas,,BRA,Brazil,,48 000 [35 000–64 000],48000,35000,64000,,,
HIV_0000000026,Number of new HIV infections,http://apps.who.int/gho/indicatorregistry/App_Main/view_indicator.aspx?iid=4659,PUBLISHED,Published,,2016,2016,,WPR,Western Pacific,,BRN,Brunei Darussalam,,No data,,,,,,
HIV_0000000026,Number of new HIV infections,http://apps.who.int/gho/indicatorregistry/App_Main/view_indicator.aspx?iid=4659,PUBLISHED,Published,,2016,2016,,EUR,Europe,,BGR,Bulgaria,,No data,,,,,,
HIV_0000000026,Number of new HIV infections,http://apps.who.int/gho/indicatorregistry/App_Main/view_indicator.aspx?iid=4659,PUBLISHED,Published,,2016,2016,,AFR,Africa,,BFA,Burkina Faso,, 3 400 [ 2 200– 5 000],3400,2200,5000,,,
HIV_0000000026,Number of new HIV infections,http://apps.who.int/gho/indicatorregistry/App_Main/view_indicator.aspx?iid=4659,PUBLISHED,Published,,2016,2016,,AFR,Africa,,BDI,Burundi,, 2 200 [<1000– 6 000],2200,1000,6000,,,
HIV_0000000026,Number of new HIV infections,http://apps.who.int/gho/indicatorregistry/App_Main/view_indicator.aspx?iid=4659,PUBLISHED,Published,,2016,2016,,WPR,Western Pacific,,KHM,Cambodia,,<1000 [<1000–<1000],1000,1000,1000,,,
HIV_0000000026,Number of new HIV infections,http://apps.who.int/gho/indicatorregistry/App_Main/view_indicator.aspx?iid=4659,PUBLISHED,Published,,2016,2016,,AFR,Africa,,CMR,Cameroon,,32 000 [22 000–41 000],32000,22000,41000,,,
HIV_0000000026,Number of new HIV infections,http://apps.who.int/gho/indicatorregistry/App_Main/view_indicator.aspx?iid=4659,PUBLISHED,Published,,2016,2016,,AMR,Americas,,CAN,Canada,,No data,,,,,,
HIV_0000000026,Number of new HIV infections,http://apps.who.int/gho/indicatorregistry/App_Main/view_indicator.aspx?iid=4659,PUBLISHED,Published,,2016,2016,,AFR,Africa,,CPV,Cabo Verde,,No data,,,,,,
HIV_0000000026,Number of new HIV infections,http://apps.who.int/gho/indicatorregistry/App_Main/view_indicator.aspx?iid=4659,PUBLISHED,Published,,2016,2016,,AFR,Africa,,CAF,Central African Republic,, 8 700 [ 6 600–12 000],8700,6600,12000,,,
HIV_0000000026,Number of new HIV infections,http://apps.who.int/gho/indicatorregistry/App_Main/view_indicator.aspx?iid=4659,PUBLISHED,Published,,2016,2016,,AFR,Africa,,TCD,Chad,, 4 800 [ 3 400– 6 400],4800,3400,6400,,,
HIV_0000000026,Number of new HIV infections,http://apps.who.int/gho/indicatorregistry/App_Main/view_indicator.aspx?iid=4659,PUBLISHED,Published,,2016,2016,,AMR,Americas,,CHL,Chile,, 5 000 [ 4 200– 5 500],5000,4200,5500,,,
HIV_0000000026,Number of new HIV infections,http://apps.who.int/gho/indicatorregistry/App_Main/view_indicator.aspx?iid=4659,PUBLISHED,Published,,2016,2016,,WPR,Western Pacific,,CHN,China,,No data,,,,,,
HIV_0000000026,Number of new HIV infections,http://apps.who.int/gho/indicatorregistry/App_Main/view_indicator.aspx?iid=4659,PUBLISHED,Published,,2016,2016,,AMR,Americas,,COL,Colombia,, 5 600 [ 3 900– 7 500],5600,3900,7500,,,
HIV_0000000026,Number of new HIV infections,http://apps.who.int/gho/indicatorregistry/App_Main/view_indicator.aspx?iid=4659,PUBLISHED,Published,,2016,2016,,AFR,Africa,,COM,Comoros,,<100 [<100–<100],100,100,100,,,
HIV_0000000026,Number of new HIV infections,http://apps.who.int/gho/indicatorregistry/App_Main/view_indicator.aspx?iid=4659,PUBLISHED,Published,,2016,2016,,AFR,Africa,,COG,Congo,, 7 600 [ 5 400–10 000],7600,5400,10000,,,
HIV_0000000026,Number of new HIV infections,http://apps.who.int/gho/indicatorregistry/App_Main/view_indicator.aspx?iid=4659,PUBLISHED,Published,,2016,2016,,AMR,Americas,,CRI,Costa Rica,,<1000 [<1000–<1000],1000,1000,1000,,,
HIV_0000000026,Number of new HIV infections,http://apps.who.int/gho/indicatorregistry/App_Main/view_indicator.aspx?iid=4659,PUBLISHED,Published,,2016,2016,,AFR,Africa,,CIV,Côte d'Ivoire,,20 000 [14 000–26 000],20000,14000,26000,,,
HIV_0000000026,Number of new HIV infections,http://apps.who.int/gho/indicatorregistry/App_Main/view_indicator.aspx?iid=4659,PUBLISHED,Published,,2016,2016,,EUR,Europe,,HRV,Croatia,,No data,,,,,,
HIV_0000000026,Number of new HIV infections,http://apps.who.int/gho/indicatorregistry/App_Main/view_indicator.aspx?iid=4659,PUBLISHED,Published,,2016,2016,,AMR,Americas,,CUB,Cuba,, 3 300 [ 2 600– 3 600],3300,2600,3600,,,
HIV_0000000026,Number of new HIV infections,http://apps.who.int/gho/indicatorregistry/App_Main/view_indicator.aspx?iid=4659,PUBLISHED,Published,,2016,2016,,EUR,Europe,,CYP,Cyprus,,No data,,,,,,
HIV_0000000026,Number of new HIV infections,http://apps.who.int/gho/indicatorregistry/App_Main/view_indicator.aspx?iid=4659,PUBLISHED,Published,,2016,2016,,EUR,Europe,,CZE,Czechia,,<500 [<500–<500],500,500,500,,,
HIV_0000000026,Number of new HIV infections,http://apps.who.int/gho/indicatorregistry/App_Main/view_indicator.aspx?iid=4659,PUBLISHED,Published,,2016,2016,,SEAR,South-East Asia,,PRK,Democratic People's Republic of Korea,,No data,,,,,,
HIV_0000000026,Number of new HIV infections,http://apps.who.int/gho/indicatorregistry/App_Main/view_indicator.aspx?iid=4659,PUBLISHED,Published,,2016,2016,,AFR,Africa,,COD,Democratic Republic of the Congo,,13 000 [ 7 200–19 000],13000,7200,19000,,,
HIV_0000000026,Number of new HIV infections,http://apps.who.int/gho/indicatorregistry/App_Main/view_indicator.aspx?iid=4659,PUBLISHED,Published,,2016,2016,,EUR,Europe,,DNK,Denmark,,No data,,,,,,
HIV_0000000026,Number of new HIV infections,http://apps.who.int/gho/indicatorregistry/App_Main/view_indicator.aspx?iid=4659,PUBLISHED,Published,,2016,2016,,EMR,Eastern Mediterranean,,DJI,Djibouti,,<500 [<500–<1000],500,500,1000,,,
HIV_0000000026,Number of new HIV infections,http://apps.who.int/gho/indicatorregistry/App_Main/view_indicator.aspx?iid=4659,PUBLISHED,Published,,2016,2016,,AMR,Americas,,DOM,Dominican Republic,, 2 500 [ 1 600– 4 100],2500,1600,4100,,,
HIV_0000000026,Number of new HIV infections,http://apps.who.int/gho/indicatorregistry/App_Main/view_indicator.aspx?iid=4659,PUBLISHED,Published,,2016,2016,,AMR,Americas,,ECU,Ecuador,,No data,,,,,,
HIV_0000000026,Number of new HIV infections,http://apps.who.int/gho/indicatorregistry/App_Main/view_indicator.aspx?iid=4659,PUBLISHED,Published,,2016,2016,,EMR,Eastern Mediterranean,,EGY,Egypt,, 1 600 [ 1 400– 1 700],1600,1400,1700,,,
HIV_0000000026,Number of new HIV infections,http://apps.who.int/gho/indicatorregistry/App_Main/view_indicator.aspx?iid=4659,PUBLISHED,Published,,2016,2016,,AMR,Americas,,SLV,El Salvador,,<1000 [<1000– 1 000],1000,1000,1000,,,
HIV_0000000026,Number of new HIV infections,http://apps.who.int/gho/indicatorregistry/App_Main/view_indicator.aspx?iid=4659,PUBLISHED,Published,,2016,2016,,AFR,Africa,,GNQ,Equatorial Guinea,, 2 300 [ 1 200– 4 200],2300,1200,4200,,,
HIV_0000000026,Number of new HIV infections,http://apps.who.int/gho/indicatorregistry/App_Main/view_indicator.aspx?iid=4659,PUBLISHED,Published,,2016,2016,,AFR,Africa,,ERI,Eritrea,,<1000 [<500– 1 100],1000,500,1100,,,
HIV_0000000026,Number of new HIV infections,http://apps.who.int/gho/indicatorregistry/App_Main/view_indicator.aspx?iid=4659,PUBLISHED,Published,,2016,2016,,EUR,Europe,,EST,Estonia,,No data,,,,,,
HIV_0000000026,Number of new HIV infections,http://apps.who.int/gho/indicatorregistry/App_Main/view_indicator.aspx?iid=4659,PUBLISHED,Published,,2016,2016,,AFR,Africa,,ETH,Ethiopia,,30 000 [19 000–41 000],30000,19000,41000,,,
HIV_0000000026,Number of new HIV infections,http://apps.who.int/gho/indicatorregistry/App_Main/view_indicator.aspx?iid=4659,PUBLISHED,Published,,2016,2016,,WPR,Western Pacific,,FJI,Fiji,,No data,,,,,,
HIV_0000000026,Number of new HIV infections,http://apps.who.int/gho/indicatorregistry/App_Main/view_indicator.aspx?iid=4659,PUBLISHED,Published,,2016,2016,,EUR,Europe,,FIN,Finland,,No data,,,,,,
HIV_0000000026,Number of new HIV infections,http://apps.who.int/gho/indicatorregistry/App_Main/view_indicator.aspx?iid=4659,PUBLISHED,Published,,2016,2016,,EUR,Europe,,FRA,France,, 6 000 [ 5 600– 6 600],6000,5600,6600,,,
HIV_0000000026,Number of new HIV infections,http://apps.who.int/gho/indicatorregistry/App_Main/view_indicator.aspx?iid=4659,PUBLISHED,Published,,2016,2016,,AFR,Africa,,GAB,Gabon,, 1 700 [<1000– 2 900],1700,1000,2900,,,
HIV_0000000026,Number of new HIV infections,http://apps.who.int/gho/indicatorregistry/App_Main/view_indicator.aspx?iid=4659,PUBLISHED,Published,,2016,2016,,AFR,Africa,,GMB,Gambia,, 1 300 [<1000– 1 700],1300,1000,1700,,,
HIV_0000000026,Number of new HIV infections,http://apps.who.int/gho/indicatorregistry/App_Main/view_indicator.aspx?iid=4659,PUBLISHED,Published,,2016,2016,,EUR,Europe,,GEO,Georgia,, 1 100 [<1000– 1 500],1100,1000,1500,,,
HIV_0000000026,Number of new HIV infections,http://apps.who.int/gho/indicatorregistry/App_Main/view_indicator.aspx?iid=4659,PUBLISHED,Published,,2016,2016,,EUR,Europe,,DEU,Germany,,No data,,,,,,
HIV_0000000026,Number of new HIV infections,http://apps.who.int/gho/indicatorregistry/App_Main/view_indicator.aspx?iid=4659,PUBLISHED,Published,,2016,2016,,AFR,Africa,,GHA,Ghana,,20 000 [15 000–27 000],20000,15000,27000,,,
HIV_0000000026,Number of new HIV infections,http://apps.who.int/gho/indicatorregistry/App_Main/view_indicator.aspx?iid=4659,PUBLISHED,Published,,2016,2016,,EUR,Europe,,GRC,Greece,,No data,,,,,,
HIV_0000000026,Number of new HIV infections,http://apps.who.int/gho/indicatorregistry/App_Main/view_indicator.aspx?iid=4659,PUBLISHED,Published,,2016,2016,,AMR,Americas,,GTM,Guatemala,, 2 900 [ 1 400– 5 200],2900,1400,5200,,,
HIV_0000000026,Number of new HIV infections,http://apps.who.int/gho/indicatorregistry/App_Main/view_indicator.aspx?iid=4659,PUBLISHED,Published,,2016,2016,,AFR,Africa,,GIN,Guinea,, 8 300 [ 6 200–11 000],8300,6200,11000,,,
HIV_0000000026,Number of new HIV infections,http://apps.who.int/gho/indicatorregistry/App_Main/view_indicator.aspx?iid=4659,PUBLISHED,Published,,2016,2016,,AFR,Africa,,GNB,Guinea-Bissau,, 1 300 [ 1 800– 3 200],1300,1800,3200,,,
HIV_0000000026,Number of new HIV infections,http://apps.who.int/gho/indicatorregistry/App_Main/view_indicator.aspx?iid=4659,PUBLISHED,Published,,2016,2016,,AMR,Americas,,GUY,Guyana,,<1000 [<500–<1000],1000,500,1000,,,
HIV_0000000026,Number of new HIV infections,http://apps.who.int/gho/indicatorregistry/App_Main/view_indicator.aspx?iid=4659,PUBLISHED,Published,,2016,2016,,AMR,Americas,,HTI,Haiti,, 7 900 [ 6 000–11 000],7900,6000,11000,,,
HIV_0000000026,Number of new HIV infections,http://apps.who.int/gho/indicatorregistry/App_Main/view_indicator.aspx?iid=4659,PUBLISHED,Published,,2016,2016,,AMR,Americas,,HND,Honduras,,<1000 [<1000– 1 400],1000,1000,1400,,,
HIV_0000000026,Number of new HIV infections,http://apps.who.int/gho/indicatorregistry/App_Main/view_indicator.aspx?iid=4659,PUBLISHED,Published,,2016,2016,,EUR,Europe,,HUN,Hungary,,No data,,,,,,
HIV_0000000026,Number of new HIV infections,http://apps.who.int/gho/indicatorregistry/App_Main/view_indicator.aspx?iid=4659,PUBLISHED,Published,,2016,2016,,EUR,Europe,,ISL,Iceland,,No data,,,,,,
HIV_0000000026,Number of new HIV infections,http://apps.who.int/gho/indicatorregistry/App_Main/view_indicator.aspx?iid=4659,PUBLISHED,Published,,2016,2016,,SEAR,South-East Asia,,IND,India,,80 000 [62 000–100 000],80000,62000,100000,,,
HIV_0000000026,Number of new HIV infections,http://apps.who.int/gho/indicatorregistry/App_Main/view_indicator.aspx?iid=4659,PUBLISHED,Published,,2016,2016,,SEAR,South-East Asia,,IDN,Indonesia,,48 000 [43 000–52 000],48000,43000,52000,,,
HIV_0000000026,Number of new HIV infections,http://apps.who.int/gho/indicatorregistry/App_Main/view_indicator.aspx?iid=4659,PUBLISHED,Published,,2016,2016,,EMR,Eastern Mediterranean,,IRN,Iran (Islamic Republic of),, 5 000 [ 1 400–13 000],5000,1400,13000,,,
HIV_0000000026,Number of new HIV infections,http://apps.who.int/gho/indicatorregistry/App_Main/view_indicator.aspx?iid=4659,PUBLISHED,Published,,2016,2016,,EUR,Europe,,IRL,Ireland,,<500 [<500–<500],500,500,500,,,
HIV_0000000026,Number of new HIV infections,http://apps.who.int/gho/indicatorregistry/App_Main/view_indicator.aspx?iid=4659,PUBLISHED,Published,,2016,2016,,EUR,Europe,,ISR,Israel,,No data,,,,,,
HIV_0000000026,Number of new HIV infections,http://apps.who.int/gho/indicatorregistry/App_Main/view_indicator.aspx?iid=4659,PUBLISHED,Published,,2016,2016,,EUR,Europe,,ITA,Italy,, 3 600 [ 3 200– 4 000],3600,3200,4000,,,
HIV_0000000026,Number of new HIV infections,http://apps.who.int/gho/indicatorregistry/App_Main/view_indicator.aspx?iid=4659,PUBLISHED,Published,,2016,2016,,AMR,Americas,,JAM,Jamaica,,No data,,,,,,
HIV_0000000026,Number of new HIV infections,http://apps.who.int/gho/indicatorregistry/App_Main/view_indicator.aspx?iid=4659,PUBLISHED,Published,,2016,2016,,WPR,Western Pacific,,JPN,Japan,,No data,,,,,,
HIV_0000000026,Number of new HIV infections,http://apps.who.int/gho/indicatorregistry/App_Main/view_indicator.aspx?iid=4659,PUBLISHED,Published,,2016,2016,,EMR,Eastern Mediterranean,,JOR,Jordan,,<100 [<100–<100],100,100,100,,,
HIV_0000000026,Number of new HIV infections,http://apps.who.int/gho/indicatorregistry/App_Main/view_indicator.aspx?iid=4659,PUBLISHED,Published,,2016,2016,,EUR,Europe,,KAZ,Kazakhstan,, 2 900 [ 2 100– 3 900],2900,2100,3900,,,
HIV_0000000026,Number of new HIV infections,http://apps.who.int/gho/indicatorregistry/App_Main/view_indicator.aspx?iid=4659,PUBLISHED,Published,,2016,2016,,AFR,Africa,,KEN,Kenya,,62 000 [45 000–81 000],62000,45000,81000,,,
HIV_0000000026,Number of new HIV infections,http://apps.who.int/gho/indicatorregistry/App_Main/view_indicator.aspx?iid=4659,PUBLISHED,Published,,2016,2016,,EMR,Eastern Mediterranean,,KWT,Kuwait,,<100 [<100–<100],100,100,100,,,
HIV_0000000026,Number of new HIV infections,http://apps.who.int/gho/indicatorregistry/App_Main/view_indicator.aspx?iid=4659,PUBLISHED,Published,,2016,2016,,EUR,Europe,,KGZ,Kyrgyzstan,,<1000 [<500– 1 300],1000,500,1300,,,
HIV_0000000026,Number of new HIV infections,http://apps.who.int/gho/indicatorregistry/App_Main/view_indicator.aspx?iid=4659,PUBLISHED,Published,,2016,2016,,WPR,Western Pacific,,LAO,Lao People's Democratic Republic,,<1000 [<1000–<1000],1000,1000,1000,,,
HIV_0000000026,Number of new HIV infections,http://apps.who.int/gho/indicatorregistry/App_Main/view_indicator.aspx?iid=4659,PUBLISHED,Published,,2016,2016,,EUR,Europe,,LVA,Latvia,,<500 [<500–<500],500,500,500,,,
HIV_0000000026,Number of new HIV infections,http://apps.who.int/gho/indicatorregistry/App_Main/view_indicator.aspx?iid=4659,PUBLISHED,Published,,2016,2016,,EMR,Eastern Mediterranean,,LBN,Lebanon,,<200 [<200–<200],200,200,200,,,
HIV_0000000026,Number of new HIV infections,http://apps.who.int/gho/indicatorregistry/App_Main/view_indicator.aspx?iid=4659,PUBLISHED,Published,,2016,2016,,AFR,Africa,,LSO,Lesotho,,21 000 [19 000–24 000],21000,19000,24000,,,
HIV_0000000026,Number of new HIV infections,http://apps.who.int/gho/indicatorregistry/App_Main/view_indicator.aspx?iid=4659,PUBLISHED,Published,,2016,2016,,AFR,Africa,,LBR,Liberia,, 2 900 [ 1 900– 4 500],2900,1900,4500,,,
HIV_0000000026,Number of new HIV infections,http://apps.who.int/gho/indicatorregistry/App_Main/view_indicator.aspx?iid=4659,PUBLISHED,Published,,2016,2016,,EUR,Europe,,LTU,Lithuania,,<500 [<500–<500],500,500,500,,,
HIV_0000000026,Number of new HIV infections,http://apps.who.int/gho/indicatorregistry/App_Main/view_indicator.aspx?iid=4659,PUBLISHED,Published,,2016,2016,,EUR,Europe,,LUX,Luxembourg,,<200 [<100–<200],200,100,200,,,
HIV_0000000026,Number of new HIV infections,http://apps.who.int/gho/indicatorregistry/App_Main/view_indicator.aspx?iid=4659,PUBLISHED,Published,,2016,2016,,AFR,Africa,,MDG,Madagascar,, 4 300 [ 3 000– 6 200],4300,3000,6200,,,
HIV_0000000026,Number of new HIV infections,http://apps.who.int/gho/indicatorregistry/App_Main/view_indicator.aspx?iid=4659,PUBLISHED,Published,,2016,2016,,AFR,Africa,,MWI,Malawi,,36 000 [31 000–45 000],36000,31000,45000,,,
HIV_0000000026,Number of new HIV infections,http://apps.who.int/gho/indicatorregistry/App_Main/view_indicator.aspx?iid=4659,PUBLISHED,Published,,2016,2016,,WPR,Western Pacific,,MYS,Malaysia,, 5 700 [ 4 700– 6 700],5700,4700,6700,,,
HIV_0000000026,Number of new HIV infections,http://apps.who.int/gho/indicatorregistry/App_Main/view_indicator.aspx?iid=4659,PUBLISHED,Published,,2016,2016,,SEAR,South-East Asia,,MDV,Maldives,,No data,,,,,,
HIV_0000000026,Number of new HIV infections,http://apps.who.int/gho/indicatorregistry/App_Main/view_indicator.aspx?iid=4659,PUBLISHED,Published,,2016,2016,,AFR,Africa,,MLI,Mali,, 5 900 [ 3 800– 8 600],5900,3800,8600,,,
HIV_0000000026,Number of new HIV infections,http://apps.who.int/gho/indicatorregistry/App_Main/view_indicator.aspx?iid=4659,PUBLISHED,Published,,2016,2016,,EUR,Europe,,MLT,Malta,,No data,,,,,,
HIV_0000000026,Number of new HIV infections,http://apps.who.int/gho/indicatorregistry/App_Main/view_indicator.aspx?iid=4659,PUBLISHED,Published,,2016,2016,,AFR,Africa,,MRT,Mauritania,,No data,,,,,,
HIV_0000000026,Number of new HIV infections,http://apps.who.int/gho/indicatorregistry/App_Main/view_indicator.aspx?iid=4659,PUBLISHED,Published,,2016,2016,,AMR,Americas,,MEX,Mexico,,12 000 [11 000–14 000],12000,11000,14000,,,
HIV_0000000026,Number of new HIV infections,http://apps.who.int/gho/indicatorregistry/App_Main/view_indicator.aspx?iid=4659,PUBLISHED,Published,,2016,2016,,WPR,Western Pacific,,MNG,Mongolia,,<100 [<100–<100],100,100,100,,,
HIV_0000000026,Number of new HIV infections,http://apps.who.int/gho/indicatorregistry/App_Main/view_indicator.aspx?iid=4659,PUBLISHED,Published,,2016,2016,,EUR,Europe,,MNE,Montenegro,,<100 [<100–<100],100,100,100,,,
HIV_0000000026,Number of new HIV infections,http://apps.who.int/gho/indicatorregistry/App_Main/view_indicator.aspx?iid=4659,PUBLISHED,Published,,2016,2016,,EMR,Eastern Mediterranean,,MAR,Morocco,,<1000 [<1000– 1 500],1000,1000,1500,,,
HIV_0000000026,Number of new HIV infections,http://apps.who.int/gho/indicatorregistry/App_Main/view_indicator.aspx?iid=4659,PUBLISHED,Published,,2016,2016,,AFR,Africa,,MOZ,Mozambique,,83 000 [73 000–96 000],83000,73000,96000,,,
HIV_0000000026,Number of new HIV infections,http://apps.who.int/gho/indicatorregistry/App_Main/view_indicator.aspx?iid=4659,PUBLISHED,Published,,2016,2016,,SEAR,South-East Asia,,MMR,Myanmar,,11 000 [ 9 900–12 000],11000,9900,12000,,,
HIV_0000000026,Number of new HIV infections,http://apps.who.int/gho/indicatorregistry/App_Main/view_indicator.aspx?iid=4659,PUBLISHED,Published,,2016,2016,,AFR,Africa,,NAM,Namibia,, 9 600 [ 8 000–11 000],9600,8000,11000,,,
HIV_0000000026,Number of new HIV infections,http://apps.who.int/gho/indicatorregistry/App_Main/view_indicator.aspx?iid=4659,PUBLISHED,Published,,2016,2016,,SEAR,South-East Asia,,NPL,Nepal,,<1000 [<1000– 1 000],1000,1000,1000,,,
HIV_0000000026,Number of new HIV infections,http://apps.who.int/gho/indicatorregistry/App_Main/view_indicator.aspx?iid=4659,PUBLISHED,Published,,2016,2016,,EUR,Europe,,NLD,Netherlands,,<500 [<500–<1000],500,500,1000,,,
HIV_0000000026,Number of new HIV infections,http://apps.who.int/gho/indicatorregistry/App_Main/view_indicator.aspx?iid=4659,PUBLISHED,Published,,2016,2016,,WPR,Western Pacific,,NZL,New Zealand,,No data,,,,,,
HIV_0000000026,Number of new HIV infections,http://apps.who.int/gho/indicatorregistry/App_Main/view_indicator.aspx?iid=4659,PUBLISHED,Published,,2016,2016,,AMR,Americas,,NIC,Nicaragua,,<500 [<500–<1000],500,500,1000,,,
HIV_0000000026,Number of new HIV infections,http://apps.who.int/gho/indicatorregistry/App_Main/view_indicator.aspx?iid=4659,PUBLISHED,Published,,2016,2016,,AFR,Africa,,NER,Niger,, 1 800 [ 1 300– 2 300],1800,1300,2300,,,
HIV_0000000026,Number of new HIV infections,http://apps.who.int/gho/indicatorregistry/App_Main/view_indicator.aspx?iid=4659,PUBLISHED,Published,,2016,2016,,AFR,Africa,,NGA,Nigeria,,220 000 [150 000–310 000],220000,150000,310000,,,
HIV_0000000026,Number of new HIV infections,http://apps.who.int/gho/indicatorregistry/App_Main/view_indicator.aspx?iid=4659,PUBLISHED,Published,,2016,2016,,EUR,Europe,,NOR,Norway,,No data,,,,,,
HIV_0000000026,Number of new HIV infections,http://apps.who.int/gho/indicatorregistry/App_Main/view_indicator.aspx?iid=4659,PUBLISHED,Published,,2016,2016,,EMR,Eastern Mediterranean,,OMN,Oman,,No data,,,,,,
HIV_0000000026,Number of new HIV infections,http://apps.who.int/gho/indicatorregistry/App_Main/view_indicator.aspx?iid=4659,PUBLISHED,Published,,2016,2016,,EMR,Eastern Mediterranean,,PAK,Pakistan,,19 000 [17 000–21 000],19000,17000,21000,,,
HIV_0000000026,Number of new HIV infections,http://apps.who.int/gho/indicatorregistry/App_Main/view_indicator.aspx?iid=4659,PUBLISHED,Published,,2016,2016,,AMR,Americas,,PAN,Panama,, 1 300 [ 1 100– 1 400],1300,1100,1400,,,
HIV_0000000026,Number of new HIV infections,http://apps.who.int/gho/indicatorregistry/App_Main/view_indicator.aspx?iid=4659,PUBLISHED,Published,,2016,2016,,WPR,Western Pacific,,PNG,Papua New Guinea,, 2 800 [ 2 300– 3 400],2800,2300,3400,,,
HIV_0000000026,Number of new HIV infections,http://apps.who.int/gho/indicatorregistry/App_Main/view_indicator.aspx?iid=4659,PUBLISHED,Published,,2016,2016,,AMR,Americas,,PRY,Paraguay,, 1 300 [<1000– 4 500],1300,1000,4500,,,
HIV_0000000026,Number of new HIV infections,http://apps.who.int/gho/indicatorregistry/App_Main/view_indicator.aspx?iid=4659,PUBLISHED,Published,,2016,2016,,AMR,Americas,,PER,Peru,,No data,,,,,,
HIV_0000000026,Number of new HIV infections,http://apps.who.int/gho/indicatorregistry/App_Main/view_indicator.aspx?iid=4659,PUBLISHED,Published,,2016,2016,,WPR,Western Pacific,,PHL,Philippines,,10 000 [ 9 400–11 000],10000,9400,11000,,,
HIV_0000000026,Number of new HIV infections,http://apps.who.int/gho/indicatorregistry/App_Main/view_indicator.aspx?iid=4659,PUBLISHED,Published,,2016,2016,,EUR,Europe,,POL,Poland,,No data,,,,,,
HIV_0000000026,Number of new HIV infections,http://apps.who.int/gho/indicatorregistry/App_Main/view_indicator.aspx?iid=4659,PUBLISHED,Published,,2016,2016,,EUR,Europe,,PRT,Portugal,,No data,,,,,,
HIV_0000000026,Number of new HIV infections,http://apps.who.int/gho/indicatorregistry/App_Main/view_indicator.aspx?iid=4659,PUBLISHED,Published,,2016,2016,,EMR,Eastern Mediterranean,,QAT,Qatar,,<100 [<100–<100],100,100,100,,,
HIV_0000000026,Number of new HIV infections,http://apps.who.int/gho/indicatorregistry/App_Main/view_indicator.aspx?iid=4659,PUBLISHED,Published,,2016,2016,,WPR,Western Pacific,,KOR,Republic of Korea,,No data,,,,,,
HIV_0000000026,Number of new HIV infections,http://apps.who.int/gho/indicatorregistry/App_Main/view_indicator.aspx?iid=4659,PUBLISHED,Published,,2016,2016,,EUR,Europe,,MDA,Republic of Moldova,, 1 600 [<1000– 2 400],1600,1000,2400,,,
HIV_0000000026,Number of new HIV infections,http://apps.who.int/gho/indicatorregistry/App_Main/view_indicator.aspx?iid=4659,PUBLISHED,Published,,2016,2016,,EUR,Europe,,ROU,Romania,,<1000 [<1000–<1000],1000,1000,1000,,,
HIV_0000000026,Number of new HIV infections,http://apps.who.int/gho/indicatorregistry/App_Main/view_indicator.aspx?iid=4659,PUBLISHED,Published,,2016,2016,,EUR,Europe,,RUS,Russian Federation,,No data,,,,,,
HIV_0000000026,Number of new HIV infections,http://apps.who.int/gho/indicatorregistry/App_Main/view_indicator.aspx?iid=4659,PUBLISHED,Published,,2016,2016,,AFR,Africa,,RWA,Rwanda,, 7 500 [ 5 800– 9 500],7500,5800,9500,,,
HIV_0000000026,Number of new HIV infections,http://apps.who.int/gho/indicatorregistry/App_Main/view_indicator.aspx?iid=4659,PUBLISHED,Published,,2016,2016,,EMR,Eastern Mediterranean,,SAU,Saudi Arabia,,<500 [<500–<1000],500,500,1000,,,
HIV_0000000026,Number of new HIV infections,http://apps.who.int/gho/indicatorregistry/App_Main/view_indicator.aspx?iid=4659,PUBLISHED,Published,,2016,2016,,AFR,Africa,,SEN,Senegal,, 1 100 [<1000– 1 700],1100,1000,1700,,,
HIV_0000000026,Number of new HIV infections,http://apps.who.int/gho/indicatorregistry/App_Main/view_indicator.aspx?iid=4659,PUBLISHED,Published,,2016,2016,,EUR,Europe,,SRB,Serbia,,<500 [<200–<500],500,200,500,,,
HIV_0000000026,Number of new HIV infections,http://apps.who.int/gho/indicatorregistry/App_Main/view_indicator.aspx?iid=4659,PUBLISHED,Published,,2016,2016,,AFR,Africa,,SLE,Sierra Leone,,No data,,,,,,
HIV_0000000026,Number of new HIV infections,http://apps.who.int/gho/indicatorregistry/App_Main/view_indicator.aspx?iid=4659,PUBLISHED,Published,,2016,2016,,WPR,Western Pacific,,SGP,Singapore,,No data,,,,,,
HIV_0000000026,Number of new HIV infections,http://apps.who.int/gho/indicatorregistry/App_Main/view_indicator.aspx?iid=4659,PUBLISHED,Published,,2016,2016,,EUR,Europe,,SVK,Slovakia,,<200 [<100–<200],200,100,200,,,
HIV_0000000026,Number of new HIV infections,http://apps.who.int/gho/indicatorregistry/App_Main/view_indicator.aspx?iid=4659,PUBLISHED,Published,,2016,2016,,EUR,Europe,,SVN,Slovenia,,<100 [<100–<100],100,100,100,,,
HIV_0000000026,Number of new HIV infections,http://apps.who.int/gho/indicatorregistry/App_Main/view_indicator.aspx?iid=4659,PUBLISHED,Published,,2016,2016,,EMR,Eastern Mediterranean,,SOM,Somalia,, 1 800 [<1000– 2 900],1800,1000,2900,,,
HIV_0000000026,Number of new HIV infections,http://apps.who.int/gho/indicatorregistry/App_Main/view_indicator.aspx?iid=4659,PUBLISHED,Published,,2016,2016,,AFR,Africa,,ZAF,South Africa,,270 000 [240 000–290 000],270000,240000,290000,,,
HIV_0000000026,Number of new HIV infections,http://apps.who.int/gho/indicatorregistry/App_Main/view_indicator.aspx?iid=4659,PUBLISHED,Published,,2016,2016,,AFR,Africa,,SSD,South Sudan,,16 000 [ 7 300–30 000],16000,7300,30000,,,
HIV_0000000026,Number of new HIV infections,http://apps.who.int/gho/indicatorregistry/App_Main/view_indicator.aspx?iid=4659,PUBLISHED,Published,,2016,2016,,EUR,Europe,,ESP,Spain,, 3 900 [ 3 600– 4 200],3900,3600,4200,,,
HIV_0000000026,Number of new HIV infections,http://apps.who.int/gho/indicatorregistry/App_Main/view_indicator.aspx?iid=4659,PUBLISHED,Published,,2016,2016,,SEAR,South-East Asia,,LKA,Sri Lanka,,<1000 [<500– 1 100],1000,500,1100,,,
HIV_0000000026,Number of new HIV infections,http://apps.who.int/gho/indicatorregistry/App_Main/view_indicator.aspx?iid=4659,PUBLISHED,Published,,2016,2016,,EMR,Eastern Mediterranean,,SDN,Sudan,, 5 000 [ 1 900– 9 400],5000,1900,9400,,,
HIV_0000000026,Number of new HIV infections,http://apps.who.int/gho/indicatorregistry/App_Main/view_indicator.aspx?iid=4659,PUBLISHED,Published,,2016,2016,,AMR,Americas,,SUR,Suriname,,<500 [<500–<500],500,500,500,,,
HIV_0000000026,Number of new HIV infections,http://apps.who.int/gho/indicatorregistry/App_Main/view_indicator.aspx?iid=4659,PUBLISHED,Published,,2016,2016,,AFR,Africa,,SWZ,Swaziland,, 8 800 [ 7 300–11 000],8800,7300,11000,,,
HIV_0000000026,Number of new HIV infections,http://apps.who.int/gho/indicatorregistry/App_Main/view_indicator.aspx?iid=4659,PUBLISHED,Published,,2016,2016,,EUR,Europe,,SWE,Sweden,,<1000 [<500–<1000],1000,500,1000,,,
HIV_0000000026,Number of new HIV infections,http://apps.who.int/gho/indicatorregistry/App_Main/view_indicator.aspx?iid=4659,PUBLISHED,Published,,2016,2016,,EUR,Europe,,CHE,Switzerland,,No data,,,,,,
HIV_0000000026,Number of new HIV infections,http://apps.who.int/gho/indicatorregistry/App_Main/view_indicator.aspx?iid=4659,PUBLISHED,Published,,2016,2016,,EMR,Eastern Mediterranean,,SYR,Syrian Arab Republic,,No data,,,,,,
HIV_0000000026,Number of new HIV infections,http://apps.who.int/gho/indicatorregistry/App_Main/view_indicator.aspx?iid=4659,PUBLISHED,Published,,2016,2016,,EUR,Europe,,TJK,Tajikistan,, 1 300 [<1000– 2 100],1300,1000,2100,,,
HIV_0000000026,Number of new HIV infections,http://apps.who.int/gho/indicatorregistry/App_Main/view_indicator.aspx?iid=4659,PUBLISHED,Published,,2016,2016,,SEAR,South-East Asia,,THA,Thailand,, 6 400 [ 5 800– 7 000],6400,5800,7000,,,
HIV_0000000026,Number of new HIV infections,http://apps.who.int/gho/indicatorregistry/App_Main/view_indicator.aspx?iid=4659,PUBLISHED,Published,,2016,2016,,EUR,Europe,,MKD,The former Yugoslav republic of Macedonia,,<100 [<100–<100],100,100,100,,,
HIV_0000000026,Number of new HIV infections,http://apps.who.int/gho/indicatorregistry/App_Main/view_indicator.aspx?iid=4659,PUBLISHED,Published,,2016,2016,,SEAR,South-East Asia,,TLS,Timor-Leste,,No data,,,,,,
HIV_0000000026,Number of new HIV infections,http://apps.who.int/gho/indicatorregistry/App_Main/view_indicator.aspx?iid=4659,PUBLISHED,Published,,2016,2016,,AFR,Africa,,TGO,Togo,, 4 100 [ 2 400– 6 100],4100,2400,6100,,,
HIV_0000000026,Number of new HIV infections,http://apps.who.int/gho/indicatorregistry/App_Main/view_indicator.aspx?iid=4659,PUBLISHED,Published,,2016,2016,,AMR,Americas,,TTO,Trinidad and Tobago,,<500 [<500–<500],500,500,500,,,
HIV_0000000026,Number of new HIV infections,http://apps.who.int/gho/indicatorregistry/App_Main/view_indicator.aspx?iid=4659,PUBLISHED,Published,,2016,2016,,EMR,Eastern Mediterranean,,TUN,Tunisia,,<500 [<200–<1000],500,200,1000,,,
HIV_0000000026,Number of new HIV infections,http://apps.who.int/gho/indicatorregistry/App_Main/view_indicator.aspx?iid=4659,PUBLISHED,Published,,2016,2016,,EUR,Europe,,TUR,Turkey,,No data,,,,,,
HIV_0000000026,Number of new HIV infections,http://apps.who.int/gho/indicatorregistry/App_Main/view_indicator.aspx?iid=4659,PUBLISHED,Published,,2016,2016,,EUR,Europe,,TKM,Turkmenistan,,No data,,,,,,
HIV_0000000026,Number of new HIV infections,http://apps.who.int/gho/indicatorregistry/App_Main/view_indicator.aspx?iid=4659,PUBLISHED,Published,,2016,2016,,AFR,Africa,,UGA,Uganda,,52 000 [42 000–64 000],52000,42000,64000,,,
HIV_0000000026,Number of new HIV infections,http://apps.who.int/gho/indicatorregistry/App_Main/view_indicator.aspx?iid=4659,PUBLISHED,Published,,2016,2016,,EUR,Europe,,UKR,Ukraine,,17 000 [13 000–19 000],17000,13000,19000,,,
HIV_0000000026,Number of new HIV infections,http://apps.who.int/gho/indicatorregistry/App_Main/view_indicator.aspx?iid=4659,PUBLISHED,Published,,2016,2016,,EMR,Eastern Mediterranean,,ARE,United Arab Emirates,,No data,,,,,,
HIV_0000000026,Number of new HIV infections,http://apps.who.int/gho/indicatorregistry/App_Main/view_indicator.aspx?iid=4659,PUBLISHED,Published,,2016,2016,,EUR,Europe,,GBR,United Kingdom of Great Britain and Northern Ireland,,No data,,,,,,
HIV_0000000026,Number of new HIV infections,http://apps.who.int/gho/indicatorregistry/App_Main/view_indicator.aspx?iid=4659,PUBLISHED,Published,,2016,2016,,AFR,Africa,,TZA,United Republic of Tanzania,,55 000 [42 000–67 000],55000,42000,67000,,,
HIV_0000000026,Number of new HIV infections,http://apps.who.int/gho/indicatorregistry/App_Main/view_indicator.aspx?iid=4659,PUBLISHED,Published,,2016,2016,,AMR,Americas,,USA,United States of America,,No data,,,,,,
HIV_0000000026,Number of new HIV infections,http://apps.who.int/gho/indicatorregistry/App_Main/view_indicator.aspx?iid=4659,PUBLISHED,Published,,2016,2016,,AMR,Americas,,URY,Uruguay,,No data,,,,,,
HIV_0000000026,Number of new HIV infections,http://apps.who.int/gho/indicatorregistry/App_Main/view_indicator.aspx?iid=4659,PUBLISHED,Published,,2016,2016,,EUR,Europe,,UZB,Uzbekistan,,No data,,,,,,
HIV_0000000026,Number of new HIV infections,http://apps.who.int/gho/indicatorregistry/App_Main/view_indicator.aspx?iid=4659,PUBLISHED,Published,,2016,2016,,AMR,Americas,,VEN,Venezuela (Bolivarian Republic of),, 6 500 [ 5 800– 7 100],6500,5800,7100,,,
HIV_0000000026,Number of new HIV infections,http://apps.who.int/gho/indicatorregistry/App_Main/view_indicator.aspx?iid=4659,PUBLISHED,Published,,2016,2016,,WPR,Western Pacific,,VNM,Viet Nam,,11 000 [10 000–12 000],11000,10000,12000,,,
HIV_0000000026,Number of new HIV infections,http://apps.who.int/gho/indicatorregistry/App_Main/view_indicator.aspx?iid=4659,PUBLISHED,Published,,2016,2016,,EMR,Eastern Mediterranean,,YEM,Yemen,, 1 100 [<500– 2 600],1100,500,2600,,,
HIV_0000000026,Number of new HIV infections,http://apps.who.int/gho/indicatorregistry/App_Main/view_indicator.aspx?iid=4659,PUBLISHED,Published,,2016,2016,,AFR,Africa,,ZMB,Zambia,,59 000 [52 000–69 000],59000,52000,69000,,,
HIV_0000000026,Number of new HIV infections,http://apps.who.int/gho/indicatorregistry/App_Main/view_indicator.aspx?iid=4659,PUBLISHED,Published,,2016,2016,,AFR,Africa,,ZWE,Zimbabwe,,40 000 [36 000–44 000],40000,36000,44000,,,
HIV_0000000026,Number of new HIV infections,http://apps.who.int/gho/indicatorregistry/App_Main/view_indicator.aspx?iid=4659,PUBLISHED,Published,,2016,2016,,EUR,Europe,,AND,Andorra,,No data,,,,,,
HIV_0000000026,Number of new HIV infections,http://apps.who.int/gho/indicatorregistry/App_Main/view_indicator.aspx?iid=4659,PUBLISHED,Published,,2016,2016,,AMR,Americas,,ATG,Antigua and Barbuda,,No data,,,,,,
HIV_0000000026,Number of new HIV infections,http://apps.who.int/gho/indicatorregistry/App_Main/view_indicator.aspx?iid=4659,PUBLISHED,Published,,2016,2016,,WPR,Western Pacific,,COK,Cook Islands,,No data,,,,,,
HIV_0000000026,Number of new HIV infections,http://apps.who.int/gho/indicatorregistry/App_Main/view_indicator.aspx?iid=4659,PUBLISHED,Published,,2016,2016,,AMR,Americas,,DMA,Dominica,,No data,,,,,,
HIV_0000000026,Number of new HIV infections,http://apps.who.int/gho/indicatorregistry/App_Main/view_indicator.aspx?iid=4659,PUBLISHED,Published,,2016,2016,,AMR,Americas,,GRD,Grenada,,No data,,,,,,
HIV_0000000026,Number of new HIV infections,http://apps.who.int/gho/indicatorregistry/App_Main/view_indicator.aspx?iid=4659,PUBLISHED,Published,,2016,2016,,EMR,Eastern Mediterranean,,IRQ,Iraq,,No data,,,,,,
HIV_0000000026,Number of new HIV infections,http://apps.who.int/gho/indicatorregistry/App_Main/view_indicator.aspx?iid=4659,PUBLISHED,Published,,2016,2016,,WPR,Western Pacific,,KIR,Kiribati,,No data,,,,,,
HIV_0000000026,Number of new HIV infections,http://apps.who.int/gho/indicatorregistry/App_Main/view_indicator.aspx?iid=4659,PUBLISHED,Published,,2016,2016,,EMR,Eastern Mediterranean,,LBY,Libya,,No data,,,,,,
HIV_0000000026,Number of new HIV infections,http://apps.who.int/gho/indicatorregistry/App_Main/view_indicator.aspx?iid=4659,PUBLISHED,Published,,2016,2016,,WPR,Western Pacific,,MHL,Marshall Islands,,No data,,,,,,
HIV_0000000026,Number of new HIV infections,http://apps.who.int/gho/indicatorregistry/App_Main/view_indicator.aspx?iid=4659,PUBLISHED,Published,,2016,2016,,AFR,Africa,,MUS,Mauritius,,No data,,,,,,
HIV_0000000026,Number of new HIV infections,http://apps.who.int/gho/indicatorregistry/App_Main/view_indicator.aspx?iid=4659,PUBLISHED,Published,,2016,2016,,WPR,Western Pacific,,FSM,Micronesia (Federated States of),,No data,,,,,,
HIV_0000000026,Number of new HIV infections,http://apps.who.int/gho/indicatorregistry/App_Main/view_indicator.aspx?iid=4659,PUBLISHED,Published,,2016,2016,,EUR,Europe,,MCO,Monaco,,No data,,,,,,
HIV_0000000026,Number of new HIV infections,http://apps.who.int/gho/indicatorregistry/App_Main/view_indicator.aspx?iid=4659,PUBLISHED,Published,,2016,2016,,WPR,Western Pacific,,NRU,Nauru,,No data,,,,,,
HIV_0000000026,Number of new HIV infections,http://apps.who.int/gho/indicatorregistry/App_Main/view_indicator.aspx?iid=4659,PUBLISHED,Published,,2016,2016,,WPR,Western Pacific,,NIU,Niue,,No data,,,,,,
HIV_0000000026,Number of new HIV infections,http://apps.who.int/gho/indicatorregistry/App_Main/view_indicator.aspx?iid=4659,PUBLISHED,Published,,2016,2016,,WPR,Western Pacific,,PLW,Palau,,No data,,,,,,
HIV_0000000026,Number of new HIV infections,http://apps.who.int/gho/indicatorregistry/App_Main/view_indicator.aspx?iid=4659,PUBLISHED,Published,,2016,2016,,AMR,Americas,,KNA,Saint Kitts and Nevis,,No data,,,,,,
HIV_0000000026,Number of new HIV infections,http://apps.who.int/gho/indicatorregistry/App_Main/view_indicator.aspx?iid=4659,PUBLISHED,Published,,2016,2016,,AMR,Americas,,LCA,Saint Lucia,,No data,,,,,,
HIV_0000000026,Number of new HIV infections,http://apps.who.int/gho/indicatorregistry/App_Main/view_indicator.aspx?iid=4659,PUBLISHED,Published,,2016,2016,,AMR,Americas,,VCT,Saint Vincent and the Grenadines,,No data,,,,,,
HIV_0000000026,Number of new HIV infections,http://apps.who.int/gho/indicatorregistry/App_Main/view_indicator.aspx?iid=4659,PUBLISHED,Published,,2016,2016,,WPR,Western Pacific,,WSM,Samoa,,No data,,,,,,
HIV_0000000026,Number of new HIV infections,http://apps.who.int/gho/indicatorregistry/App_Main/view_indicator.aspx?iid=4659,PUBLISHED,Published,,2016,2016,,EUR,Europe,,SMR,San Marino,,No data,,,,,,
HIV_0000000026,Number of new HIV infections,http://apps.who.int/gho/indicatorregistry/App_Main/view_indicator.aspx?iid=4659,PUBLISHED,Published,,2016,2016,,AFR,Africa,,STP,Sao Tome and Principe,,No data,,,,,,
HIV_0000000026,Number of new HIV infections,http://apps.who.int/gho/indicatorregistry/App_Main/view_indicator.aspx?iid=4659,PUBLISHED,Published,,2016,2016,,AFR,Africa,,SYC,Seychelles,,No data,,,,,,
HIV_0000000026,Number of new HIV infections,http://apps.who.int/gho/indicatorregistry/App_Main/view_indicator.aspx?iid=4659,PUBLISHED,Published,,2016,2016,,WPR,Western Pacific,,SLB,Solomon Islands,,No data,,,,,,
HIV_0000000026,Number of new HIV infections,http://apps.who.int/gho/indicatorregistry/App_Main/view_indicator.aspx?iid=4659,PUBLISHED,Published,,2016,2016,,WPR,Western Pacific,,TON,Tonga,,No data,,,,,,
HIV_0000000026,Number of new HIV infections,http://apps.who.int/gho/indicatorregistry/App_Main/view_indicator.aspx?iid=4659,PUBLISHED,Published,,2016,2016,,WPR,Western Pacific,,TUV,Tuvalu,,No data,,,,,,
HIV_0000000026,Number of new HIV infections,http://apps.who.int/gho/indicatorregistry/App_Main/view_indicator.aspx?iid=4659,PUBLISHED,Published,,2016,2016,,WPR,Western Pacific,,VUT,Vanuatu,,No data,,,,,,
